name,url,search_query,manual_status
Makhanwala | Family Restaurant | Best Restaurant in Indore | Pure Veg Restaurant,https://www.google.com/maps/place/Makhanwala+%7C+Family+Restaurant+%7C+Best+Restaurant+in+Indore+%7C+Pure+Veg+Restaurant/data=!4m7!3m6!1s0x3962fd000ea2c47f:0x8549300e22d12cec!8m2!3d22.7182751!4d75.8829961!16s%2Fg%2F11x6dt5f_m!19sChIJf8SiDgD9YjkR7CzRIg4wSYU?authuser=0&hl=en&rclk=1,restaurants in Indore,scraped
Oakaz Restaurant,https://www.google.com/maps/place/Oakaz+Restaurant/data=!4m7!3m6!1s0x3962fd3b93490065:0x1c5e002bff6a6751!8m2!3d22.7184605!4d75.8835823!16s%2Fg%2F124yk8kc7!19sChIJZQBJkzv9YjkRUWdq_ysAXhw?authuser=0&hl=en&rclk=1,restaurants in Indore,scraped
Al karam Indore kitchen's and restaurants,https://www.google.com/maps/place/Al+karam+Indore+kitchen%27s+and+restaurants/data=!4m7!3m6!1s0x3962fd93c658f3cf:0x5ebc7ae1bca4ab06!8m2!3d22.7136438!4d75.8745217!16s%2Fg%2F11scjqq_vz!19sChIJz_NYxpP9YjkRBqukvOF6vF4?authuser=0&hl=en&rclk=1,restaurants in Indore,scraped
Coriander Leaf Restaurant,https://www.google.com/maps/place/Coriander+Leaf+Restaurant/data=!4m7!3m6!1s0x3962fd2ac51668a9:0xcb43b52ee4f294f0!8m2!3d22.7168298!4d75.8837702!16s%2Fg%2F11l973fgx3!19sChIJqWgWxSr9YjkR8JTy5C61Q8s?authuser=0&hl=en&rclk=1,restaurants in Indore,scraped
Project Charcoal Rooftop Restaurant,https://www.google.com/maps/place/Project+Charcoal+Rooftop+Restaurant/data=!4m7!3m6!1s0x3962e335849cf1c7:0x3a57704c89c794b2!8m2!3d22.7058535!4d75.9129586!16s%2Fg%2F11tk22l8cy!19sChIJx_GchDXjYjkRspTHiUxwVzo?authuser=0&hl=en&rclk=1,restaurants in Indore,scraped
Dal Bati Surma (Rooftop Restaurant),https://www.google.com/maps/place/Dal+Bati+Surma+%28Rooftop+Restaurant%29/data=!4m7!3m6!1s0x3962fd2e368401c3:0x90f4d8de262f6516!8m2!3d22.7270798!4d75.8840984!16s%2Fg%2F11mwd728x4!19sChIJwwGENi79YjkRFmUvJt7Y9JA?authuser=0&hl=en&rclk=1,restaurants in Indore,scraped
Kitchen Ministry - Best Restaurant In Indore | Pure Veg (Jeeman),https://www.google.com/maps/place/Kitchen+Ministry+-+Best+Restaurant+In+Indore+%7C+Pure+Veg+%28Jeeman%29/data=!4m7!3m6!1s0x3962fdb02fbc1d49:0x3e5276227dc39bc8!8m2!3d22.7155289!4d75.8752478!16s%2Fg%2F11v5xzt122!19sChIJSR28L7D9YjkRyJvDfSJ2Uj4?authuser=0&hl=en&rclk=1,restaurants in Indore,scraped
FLAME BY FIRE & SMOKE,https://www.google.com/maps/place/FLAME+BY+FIRE+%26+SMOKE/data=!4m7!3m6!1s0x3962fdc955e5a5b7:0x2f71a1853094cd02!8m2!3d22.7439376!4d75.8927963!16s%2Fg%2F11sg1tp5c2!19sChIJt6XlVcn9YjkRAs2UMIWhcS8?authuser=0&hl=en&rclk=1,restaurants in Indore,scraped
Munch N Mime - Indo. Western Food Junction,https://www.google.com/maps/place/Munch+N+Mime+-+Indo.+Western+Food+Junction/data=!4m7!3m6!1s0x3962fdc006d7157f:0x478977a36059b2cb!8m2!3d22.7184114!4d75.8834227!16s%2Fg%2F11vrrrl8lr!19sChIJfxXXBsD9YjkRy7JZYKN3iUc?authuser=0&hl=en&rclk=1,restaurants in Indore,scraped
Oh Indore Restaurant and cafe,https://www.google.com/maps/place/Oh+Indore+Restaurant+and+cafe/data=!4m7!3m6!1s0x3962fd3212145a29:0x6b370b6a5f75662f!8m2!3d22.6997837!4d75.8667614!16s%2Fg%2F11p0_bdbmx!19sChIJKVoUEjL9YjkRL2Z1X2oLN2s?authuser=0&hl=en&rclk=1,restaurants in Indore,scraped
Aarambh Restaurant and Banquet,https://www.google.com/maps/place/Aarambh+Restaurant+and+Banquet/data=!4m7!3m6!1s0x3962fd1fd43153a5:0xb5a50727f97c3c27!8m2!3d22.7013261!4d75.869552!16s%2Fg%2F11vq2c3_8h!19sChIJpVMx1B_9YjkRJzx8-ScHpbU?authuser=0&hl=en&rclk=1,restaurants in Indore,scraped
Dutt Gurukripa Restaurant,https://www.google.com/maps/place/Dutt+Gurukripa+Restaurant/data=!4m7!3m6!1s0x3962fd3e01f9a8f1:0xee2acafd9d69fa2d!8m2!3d22.7197246!4d75.8768473!16s%2Fg%2F11bwydf8x7!19sChIJ8aj5AT79YjkRLfppnf3KKu4?authuser=0&hl=en&rclk=1,restaurants in Indore,scraped
Nafees Restaurant,https://www.google.com/maps/place/Nafees+Restaurant/data=!4m7!3m6!1s0x3962fd3801510bbf:0x6d8191294761bb3d!8m2!3d22.7258553!4d75.8879332!16s%2Fg%2F1tk8l_9q!19sChIJvwtRATj9YjkRPbthRymRgW0?authuser=0&hl=en&rclk=1,restaurants in Indore,scraped
Dawat Restaurant Indore,https://www.google.com/maps/place/Dawat+Restaurant+Indore/data=!4m7!3m6!1s0x3962fdeb36c29743:0xb78dcb50027ee39c!8m2!3d22.7172114!4d75.8771428!16s%2Fg%2F11wq30byqb!19sChIJQ5fCNuv9YjkRnON-AlDLjbc?authuser=0&hl=en&rclk=1,restaurants in Indore,scraped
FOODONS : Indore BEST Chole Kulche | Chole Bhature,https://www.google.com/maps/place/FOODONS+:+Indore+BEST+Chole+Kulche+%7C+Chole+Bhature/data=!4m7!3m6!1s0x3962fde24482e597:0x33ac1c5aab744007!8m2!3d22.7244437!4d75.8846727!16s%2Fg%2F11n16nrgr6!19sChIJl-WCROL9YjkRB0B0q1ocrDM?authuser=0&hl=en&rclk=1,restaurants in Indore,scraped
MBA THALIWALA,https://www.google.com/maps/place/MBA+THALIWALA/data=!4m7!3m6!1s0x3962fdd818306ff1:0x8d29ce6b3961ed09!8m2!3d22.7266879!4d75.8799462!16s%2Fg%2F11q9m6blbv!19sChIJ8W8wGNj9YjkRCe1hOWvOKY0?authuser=0&hl=en&rclk=1,restaurants in Indore,scraped
Indore Kitchen,https://www.google.com/maps/place/Indore+Kitchen/data=!4m7!3m6!1s0x396303652212c735:0x717b2f094a61f41b!8m2!3d22.752761!4d75.883601!16s%2Fg%2F11kfr5nz07!19sChIJNccSImUDYzkRG_RhSgkve3E?authuser=0&hl=en&rclk=1,restaurants in Indore,scraped
Daawat Sapphire Star,https://www.google.com/maps/place/Daawat+Sapphire+Star/data=!4m7!3m6!1s0x3962fdf79a411e7b:0xd6afa7df54e7c6eb!8m2!3d22.7253647!4d75.8845819!16s%2Fg%2F11t3_5jn85!19sChIJex5Bmvf9YjkR68bnVN-nr9Y?authuser=0&hl=en&rclk=1,restaurants in Indore,scraped
Alba Bistro,https://www.google.com/maps/place/Alba+Bistro/data=!4m7!3m6!1s0x3962fd40a7fa9ff5:0xafe8d23fb6b29b85!8m2!3d22.7439472!4d75.8929235!16s%2Fg%2F11rj63sr0q!19sChIJ9Z_6p0D9YjkRhZuytj_S6K8?authuser=0&hl=en&rclk=1,restaurants in Indore,scraped
Shree Chotiwala Restaurant,https://www.google.com/maps/place/Shree+Chotiwala+Restaurant/data=!4m7!3m6!1s0x3962fd1640000001:0xfc42c4d50be8e388!8m2!3d22.7195033!4d75.8767926!16s%2Fg%2F1vxw6p1p!19sChIJAQAAQBb9YjkRiOPoC9XEQvw?authuser=0&hl=en&rclk=1,restaurants in Indore,scraped
Golden Treat,https://www.google.com/maps/place/Golden+Treat/data=!4m7!3m6!1s0x3962fd3be7309491:0x5ecafdb670684047!8m2!3d22.7195645!4d75.8837588!16s%2Fg%2F11byxgdwkz!19sChIJkZQw5zv9YjkRR0BocLb9yl4?authuser=0&hl=en&rclk=1,restaurants in Indore,scraped
Shrivari Cafe - South Indian Restaurant,https://www.google.com/maps/place/Shrivari+Cafe+-+South+Indian+Restaurant/data=!4m7!3m6!1s0x3962fd10d68f67eb:0x67712821d0aa8b98!8m2!3d22.7191746!4d75.8748763!16s%2Fg%2F11ytfk8slr!19sChIJ62eP1hD9YjkRmIuq0CEocWc?authuser=0&hl=en&rclk=1,restaurants in Indore,scraped
Burger Farm,https://www.google.com/maps/place/Burger+Farm/data=!4m7!3m6!1s0x3962fd31016a1407:0x6967d36929f17fa1!8m2!3d22.7188535!4d75.883832!16s%2Fg%2F11v0z1dntm!19sChIJBxRqATH9YjkRoX_xKWnTZ2k?authuser=0&hl=en&rclk=1,restaurants in Indore,scraped
McDonald's,https://www.google.com/maps/place/McDonald%27s/data=!4m7!3m6!1s0x3962fd6d5c629411:0xf7bbb1019d94e8a7!8m2!3d22.7215317!4d75.8786258!16s%2Fg%2F1tg8h3_5!19sChIJEZRiXG39YjkRp-iUnQGxu_c?authuser=0&hl=en&rclk=1,restaurants in Indore,scraped
Asia Seven Indore,https://www.google.com/maps/place/Asia+Seven+Indore/data=!4m7!3m6!1s0x3962fdc4bce7d059:0x5af7fe0d70215aeb!8m2!3d22.7211357!4d75.8787169!16s%2Fg%2F11rxmqr0t0!19sChIJWdDnvMT9YjkR61ohcA3-91o?authuser=0&hl=en&rclk=1,restaurants in Indore,scraped
Smoky Docky Indore,https://www.google.com/maps/place/Smoky+Docky+Indore/data=!4m7!3m6!1s0x3962fd00433e2f2f:0x2051fbdcfc81e6a4!8m2!3d22.7247689!4d75.8839397!16s%2Fg%2F11x83wk1cx!19sChIJLy8-QwD9YjkRpOaB_Nz7USA?authuser=0&hl=en&rclk=1,restaurants in Indore,scraped
Garam Masala Restaurant,https://www.google.com/maps/place/Garam+Masala+Restaurant/data=!4m7!3m6!1s0x3962fda25672b8a1:0x1d728210585fb206!8m2!3d22.7202115!4d75.87658!16s%2Fg%2F11m2s0hwzd!19sChIJobhyVqL9YjkRBrJfWBCCch0?authuser=0&hl=en&rclk=1,restaurants in Indore,scraped
Manbhavan premium thali by Prince's Palace,https://www.google.com/maps/place/Manbhavan+premium+thali+by+Prince%27s+Palace/data=!4m7!3m6!1s0x3962fd6cc2b4e4fd:0xa00acfb6ff4eb74!8m2!3d22.7190755!4d75.8763962!16s%2Fg%2F11mw4pq0vx!19sChIJ_eS0wmz9YjkRdOv0b_usAAo?authuser=0&hl=en&rclk=1,restaurants in Indore,scraped
The Egg Eatery - Eggstremely Delicious - Indore,https://www.google.com/maps/place/The+Egg+Eatery+-+Eggstremely+Delicious+-+Indore/data=!4m7!3m6!1s0x3962fdbe0695c41d:0xaf1b9647a9ba6d70!8m2!3d22.7272404!4d75.8835849!16s%2Fg%2F11kq69yz4f!19sChIJHcSVBr79YjkRcG26qUeWG68?authuser=0&hl=en&rclk=1,restaurants in Indore,scraped
Cafe Udupi,https://www.google.com/maps/place/Cafe+Udupi/data=!4m7!3m6!1s0x3962fd3831458ca1:0xaa87311c2488276c!8m2!3d22.7236258!4d75.887211!16s%2Fg%2F119wmsn_v!19sChIJoYxFMTj9YjkRbCeIJBwxh6o?authuser=0&hl=en&rclk=1,restaurants in Indore,scraped
Johny Hot Dog,https://www.google.com/maps/place/Johny+Hot+Dog/data=!4m7!3m6!1s0x3962fd38fae99d09:0x3fe6b39432dea85e!8m2!3d22.7240074!4d75.8842247!16s%2Fg%2F1w0hz04v!19sChIJCZ3p-jj9YjkRXqjeMpSz5j8?authuser=0&hl=en&rclk=1,restaurants in Indore,scraped
Atriaa Restaurant,https://www.google.com/maps/place/Atriaa+Restaurant/data=!4m7!3m6!1s0x3962fd537edd37df:0xe240cbbfe4ae0614!8m2!3d22.724977!4d75.87763!16s%2Fg%2F11vj56dxtq!19sChIJ3zfdflP9YjkRFAau5L_LQOI?authuser=0&hl=en&rclk=1,restaurants in Indore,scraped
Wow! Momo,https://www.google.com/maps/place/Wow!+Momo/data=!4m7!3m6!1s0x3962fd483841bec1:0x4de32ac8eb051992!8m2!3d22.7207007!4d75.8784633!16s%2Fg%2F11k3xhk458!19sChIJwb5BOEj9YjkRkhkF68gq400?authuser=0&hl=en&rclk=1,restaurants in Indore,scraped
One & Only Appe House,https://www.google.com/maps/place/One+%26+Only+Appe+House/data=!4m7!3m6!1s0x3962fdeebef540af:0xe2a899dd021b4660!8m2!3d22.7247799!4d75.8845581!16s%2Fg%2F11j48kpdg8!19sChIJr0D1vu79YjkRYEYbAt2ZqOI?authuser=0&hl=en&rclk=1,restaurants in Indore,scraped
Dawat Top Family Restaurant,https://www.google.com/maps/place/Dawat+Top+Family+Restaurant/data=!4m7!3m6!1s0x3962fd389aef5ca1:0x76e33b84cd2dc197!8m2!3d22.7253668!4d75.8844852!16s%2Fg%2F11f3v7s884!19sChIJoVzvmjj9YjkRl8EtzYQ743Y?authuser=0&hl=en&rclk=1,restaurants in Indore,scraped
Vijay Chaat House (Chappan Dukan),https://www.google.com/maps/place/Vijay+Chaat+House+%28Chappan+Dukan%29/data=!4m7!3m6!1s0x3962fd38f01dc527:0xea5cd0c67ade6e2d!8m2!3d22.7237365!4d75.8846232!16s%2Fg%2F124yj6xjf!19sChIJJ8Ud8Dj9YjkRLW7eesbQXOo?authuser=0&hl=en&rclk=1,restaurants in Indore,scraped
56 Dukaan (Chhappan Dukaan),https://www.google.com/maps/place/56+Dukaan+%28Chhappan+Dukaan%29/data=!4m7!3m6!1s0x3962fd3cf941d105:0x2bf85b701a856a4b!8m2!3d22.7236894!4d75.8846462!16s%2Fg%2F11j373svfh!19sChIJBdFB-Tz9YjkRS2qFGnBb-Cs?authuser=0&hl=en&rclk=1,restaurants in Indore,scraped
Alav Restaurant,https://www.google.com/maps/place/Alav+Restaurant/data=!4m7!3m6!1s0x3962fd470c7434ed:0x9ceeb68ef4ef1f84!8m2!3d22.7276471!4d75.8848717!16s%2Fg%2F11bwyhc3_w!19sChIJ7TR0DEf9YjkRhB_v9I627pw?authuser=0&hl=en&rclk=1,restaurants in Indore,scraped
Vrindavan Restaurant,https://www.google.com/maps/place/Vrindavan+Restaurant/data=!4m7!3m6!1s0x3962fd46c5555555:0xc284f1029ebfc594!8m2!3d22.7265795!4d75.8822366!16s%2Fg%2F1tjdpr4g!19sChIJVVVVxUb9YjkRlMW_ngLxhMI?authuser=0&hl=en&rclk=1,restaurants in Indore,scraped
The Monroe Cafe,https://www.google.com/maps/place/The+Monroe+Cafe/data=!4m7!3m6!1s0x3962fd476996de89:0xdc938936a2d350ea!8m2!3d22.7266989!4d75.8841489!16s%2Fg%2F11byxh3lzz!19sChIJid6WaUf9YjkR6lDTojaJk9w?authuser=0&hl=en&rclk=1,restaurants in Indore,scraped
"La Pino'z Pizza-Gita Bhawan Rd, Indore (MP)","https://www.google.com/maps/place/La+Pino%27z+Pizza-Gita+Bhawan+Rd,+Indore+%28MP%29/data=!4m7!3m6!1s0x3962fdbd51e82c4d:0x29500cb019ff5ed1!8m2!3d22.7187743!4d75.8838692!16s%2Fg%2F11fs315xl1!19sChIJTSzoUb39YjkR0V7_GbAMUCk?authuser=0&hl=en&rclk=1",restaurants in Indore,scraped
Ratna Raj Restaurant,https://www.google.com/maps/place/Ratna+Raj+Restaurant/data=!4m7!3m6!1s0x3962fd66ff6c6aaf:0xb747e288f72f8aaa!8m2!3d22.7191366!4d75.8849825!16s%2Fg%2F11s87jn5y3!19sChIJr2ps_2b9YjkRqoov94jiR7c?authuser=0&hl=en&rclk=1,restaurants in Indore,scraped
Dilli Da Roll,https://www.google.com/maps/place/Dilli+Da+Roll/data=!4m7!3m6!1s0x3962fd389587bca7:0xdb70463bee872b36!8m2!3d22.7246072!4d75.8838906!16s%2Fg%2F11bw64k8br!19sChIJp7yHlTj9YjkRNiuH7jtGcNs?authuser=0&hl=en&rclk=1,restaurants in Indore,scraped
Young Tarang Restaurant,https://www.google.com/maps/place/Young+Tarang+Restaurant/data=!4m7!3m6!1s0x3962fd3892d4c3eb:0xaa1524c22f96bb8f!8m2!3d22.7243758!4d75.8843831!16s%2Fg%2F11bbtcbxs4!19sChIJ68PUkjj9YjkRj7uWL8IkFao?authuser=0&hl=en&rclk=1,restaurants in Indore,scraped
The Eyry | Speciality Coffee | Amazing Food & Bakery | Coworking space Indore,https://www.google.com/maps/place/The+Eyry+%7C+Speciality+Coffee+%7C+Amazing+Food+%26+Bakery+%7C+Coworking+space+Indore/data=!4m7!3m6!1s0x3962fd4093ea09f9:0xff8b4c258c6a0b79!8m2!3d22.7268009!4d75.8803164!16s%2Fg%2F11f28vmr0r!19sChIJ-Qnqk0D9YjkReQtqjCVMi_8?authuser=0&hl=en&rclk=1,restaurants in Indore,scraped
JMB Restaurant,https://www.google.com/maps/place/JMB+Restaurant/data=!4m7!3m6!1s0x3962fd3ff49a312f:0xe486be4bf1a6804a!8m2!3d22.7243385!4d75.8778121!16s%2Fg%2F11g6hz0xc7!19sChIJLzGa9D_9YjkRSoCm8Uu-huQ?authuser=0&hl=en&rclk=1,restaurants in Indore,scraped
Indore Biryani Point nonveg restaurant,https://www.google.com/maps/place/Indore+Biryani+Point+nonveg+restaurant/data=!4m7!3m6!1s0x3962fd95e42c00d5:0x2e7576674cfcdeae!8m2!3d22.7243771!4d75.8866933!16s%2Fg%2F11gxw0p_vc!19sChIJ1QAs5JX9YjkRrt78TGd2dS4?authuser=0&hl=en&rclk=1,restaurants in Indore,scraped
Raghavam- Restaurant & Banquet,https://www.google.com/maps/place/Raghavam-+Restaurant+%26+Banquet/data=!4m7!3m6!1s0x3962fd2343549c37:0x308553c322954c30!8m2!3d22.7264123!4d75.869809!16s%2Fg%2F11vsyq9mwj!19sChIJN5xUQyP9YjkRMEyVIsNThTA?authuser=0&hl=en&rclk=1,restaurants in Indore,scraped
Hotel Shreemaya,https://www.google.com/maps/place/Hotel+Shreemaya/data=!4m10!3m9!1s0x3962fd169713cfcd:0x468e165e059d7f99!5m2!4m1!1i2!8m2!3d22.7152543!4d75.8747204!16s%2Fg%2F11b6djqvz3!19sChIJzc8Tlxb9YjkRmX-dBV4WjkY?authuser=0&hl=en&rclk=1,restaurants in Indore,scraped
Lotus Hut Cafe,https://www.google.com/maps/place/Lotus+Hut+Cafe/data=!4m7!3m6!1s0x3962fd158c5708c7:0x3b67a2b95a8d23de!8m2!3d22.720828!4d75.8758399!16s%2Fg%2F11dympbhk4!19sChIJxwhXjBX9YjkR3iONWrmiZzs?authuser=0&hl=en&rclk=1,restaurants in Indore,scraped
Bablu Shree Cold Drink,https://www.google.com/maps/place/Bablu+Shree+Cold+Drink/data=!4m7!3m6!1s0x3962fd3f02b3b55f:0x1283169f2b33fff2!8m2!3d22.7224284!4d75.8799582!16s%2Fg%2F1txfmk2p!19sChIJX7WzAj_9YjkR8v8zK58WgxI?authuser=0&hl=en&rclk=1,restaurants in Indore,scraped
Shree ganesh bhel and sandwich,https://www.google.com/maps/place/Shree+ganesh+bhel+and+sandwich/data=!4m7!3m6!1s0x3962fdbb3e958667:0x6e093d39b0377754!8m2!3d22.7221593!4d75.8804437!16s%2Fg%2F11frmsgjlz!19sChIJZ4aVPrv9YjkRVHc3sDk9CW4?authuser=0&hl=en&rclk=1,restaurants in Indore,scraped
Buddy's Restaurant,https://www.google.com/maps/place/Buddy%27s+Restaurant/data=!4m7!3m6!1s0x3962fd3e3a3ff247:0x5b2229062fa4a787!8m2!3d22.7215124!4d75.8776341!16s%2Fg%2F11kpp97m3w!19sChIJR_I_Oj79YjkRh6ekLwYpIls?authuser=0&hl=en&rclk=1,restaurants in Indore,scraped
Nema Kulfi and Gajak,https://www.google.com/maps/place/Nema+Kulfi+and+Gajak/data=!4m7!3m6!1s0x3962fda45747cc7b:0x33293998a1b476e7!8m2!3d22.7240784!4d75.8845296!16s%2Fg%2F11h52d454v!19sChIJe8xHV6T9YjkR53a0oZg5KTM?authuser=0&hl=en&rclk=1,restaurants in Indore,scraped
Chai Kaapi Palasia,https://www.google.com/maps/place/Chai+Kaapi+Palasia/data=!4m7!3m6!1s0x3962fd1060bb41ed:0xcdf7902a674ae7d2!8m2!3d22.722179!4d75.8856165!16s%2Fg%2F11w7kq6mm4!19sChIJ7UG7YBD9YjkR0udKZyqQ980?authuser=0&hl=en&rclk=1,restaurants in Indore,scraped
H3 Cafe,https://www.google.com/maps/place/H3+Cafe/data=!4m7!3m6!1s0x3962fdbfec422d27:0xe2f50ab5a735dcb3!8m2!3d22.7256505!4d75.8826238!16s%2Fg%2F11yjyrpyr7!19sChIJJy1C7L_9YjkRs9w1p7UK9eI?authuser=0&hl=en&rclk=1,restaurants in Indore,scraped
The Crush Coffee,https://www.google.com/maps/place/The+Crush+Coffee/data=!4m7!3m6!1s0x3962fdb184f72699:0x2bde6564a7e20ba2!8m2!3d22.7188324!4d75.8840749!16s%2Fg%2F11w7nry4mr!19sChIJmSb3hLH9YjkRogvip2Rl3is?authuser=0&hl=en&rclk=1,cafes in Indore,scraped
The Coffee Concept Janjeerwala Square,https://www.google.com/maps/place/The+Coffee+Concept+Janjeerwala+Square/data=!4m7!3m6!1s0x3962fd00514d6675:0xc676675f2ec0a2bb!8m2!3d22.7258695!4d75.8821315!16s%2Fg%2F11y6_c_yf8!19sChIJdWZNUQD9YjkRu6LALl9ndsY?authuser=0&hl=en&rclk=1,cafes in Indore,scraped
Habit - Coffee Lounge,https://www.google.com/maps/place/Habit+-+Coffee+Lounge/data=!4m7!3m6!1s0x3962fdfe22054479:0x37e30356ffbafc6c!8m2!3d22.7250854!4d75.8844668!16s%2Fg%2F11rtszrf8k!19sChIJeUQFIv79YjkRbPy6_1YD4zc?authuser=0&hl=en&rclk=1,cafes in Indore,scraped
Amigos Café and Restaurant,https://www.google.com/maps/place/Amigos+Caf%C3%A9+and+Restaurant/data=!4m7!3m6!1s0x3962e3e170ab6969:0xc952f77b59d472f2!8m2!3d22.7304376!4d75.9024182!16s%2Fg%2F11s8c12hjf!19sChIJaWmrcOHjYjkR8nLUWXv3Usk?authuser=0&hl=en&rclk=1,cafes in Indore,scraped
Mangosteen Cafe,https://www.google.com/maps/place/Mangosteen+Cafe/data=!4m7!3m6!1s0x3962e3802902f807:0xbc78ea44094fb566!8m2!3d22.7060253!4d75.9242174!16s%2Fg%2F11y3v0852w!19sChIJB_gCKYDjYjkRZrVPCUTqeLw?authuser=0&hl=en&rclk=1,cafes in Indore,scraped
Piccolo Cafe,https://www.google.com/maps/place/Piccolo+Cafe/data=!4m7!3m6!1s0x396303f6b39d7283:0x7d2802e4e4eae2fa!8m2!3d22.7545465!4d75.8812716!16s%2Fg%2F11vpt8fxmg!19sChIJg3Kds_YDYzkR-uLq5OQCKH0?authuser=0&hl=en&rclk=1,cafes in Indore,scraped
ARTISTREE CAFE,https://www.google.com/maps/place/ARTISTREE+CAFE/data=!4m7!3m6!1s0x3962fd0025ebf203:0xd58b35b39844c612!8m2!3d22.7259277!4d75.8844483!16s%2Fg%2F11vwjjwx7f!19sChIJA_LrJQD9YjkREsZEmLM1i9U?authuser=0&hl=en&rclk=1,cafes in Indore,scraped
The Throb Cafe,https://www.google.com/maps/place/The+Throb+Cafe/data=!4m7!3m6!1s0x3962fd0d18618beb:0x2d1d60a5760b83be!8m2!3d22.7285732!4d75.8941384!16s%2Fg%2F11vqlsbb47!19sChIJ64thGA39YjkRvoMLdqVgHS0?authuser=0&hl=en&rclk=1,cafes in Indore,scraped
"Cafe Palette, Indore","https://www.google.com/maps/place/Cafe+Palette,+Indore/data=!4m7!3m6!1s0x3962fd353fef94f5:0xb043c67e57f1559c!8m2!3d22.7254257!4d75.8985215!16s%2Fg%2F1hc2_qnh4!19sChIJ9ZTvPzX9YjkRnFXxV37GQ7A?authuser=0&hl=en&rclk=1",cafes in Indore,scraped
11:11 Coffee,https://www.google.com/maps/place/11:11+Coffee/data=!4m7!3m6!1s0x3962fd15ae9986a9:0xfea89cab0831fc0a!8m2!3d22.7215903!4d75.8742028!16s%2Fg%2F1hm6743kp!19sChIJqYaZrhX9YjkRCvwxCKucqP4?authuser=0&hl=en&rclk=1,cafes in Indore,scraped
Falodi Cafe,https://www.google.com/maps/place/Falodi+Cafe/data=!4m7!3m6!1s0x3962fdced3990a33:0xf82b2c12e601a667!8m2!3d22.7251888!4d75.8840601!16s%2Fg%2F11lnzrr0d7!19sChIJMwqZ0879YjkRZ6YB5hIsK_g?authuser=0&hl=en&rclk=1,cafes in Indore,scraped
Cafe De Casa,https://www.google.com/maps/place/Cafe+De+Casa/data=!4m7!3m6!1s0x396303cf654e0ed7:0x10569e23dcf2ec91!8m2!3d22.7611507!4d75.8872803!16s%2Fg%2F11shx883tn!19sChIJ1w5OZc8DYzkRkezy3COeVhA?authuser=0&hl=en&rclk=1,cafes in Indore,scraped
Meraki House Cafe,https://www.google.com/maps/place/Meraki+House+Cafe/data=!4m7!3m6!1s0x3962fdb7586074f9:0x8625873366535293!8m2!3d22.7157182!4d75.8901041!16s%2Fg%2F11wy72yg9q!19sChIJ-XRgWLf9YjkRk1JTZjOHJYY?authuser=0&hl=en&rclk=1,cafes in Indore,scraped
"Nothing Before Coffee- New Palasia, Indore","https://www.google.com/maps/place/Nothing+Before+Coffee-+New+Palasia,+Indore/data=!4m7!3m6!1s0x3962fd2f9cc28e9b:0x4bb527673fa3c74!8m2!3d22.7299385!4d75.882618!16s%2Fg%2F11rssmwrhw!19sChIJm47CnC_9YjkRdDz6c3ZSuwQ?authuser=0&hl=en&rclk=1",cafes in Indore,scraped
Cafe Bakewell,https://www.google.com/maps/place/Cafe+Bakewell/data=!4m7!3m6!1s0x3962fd3c1f4bdeaf:0x9fbc80b791e196e6!8m2!3d22.719512!4d75.8836762!16s%2Fg%2F1260ct7z2!19sChIJr95LHzz9YjkR5pbhkbeAvJ8?authuser=0&hl=en&rclk=1,cafes in Indore,scraped
Sonavi_d Cafe,https://www.google.com/maps/place/Sonavi_d+Cafe/data=!4m7!3m6!1s0x3962e30ffc070c87:0x1a1c2ca6cc8fbb45!8m2!3d22.7185441!4d75.8855953!16s%2Fg%2F11kc1xm474!19sChIJhwwH_A_jYjkRRbuPzKYsHBo?authuser=0&hl=en&rclk=1,cafes in Indore,scraped
#Wood Cafe,https://www.google.com/maps/place/%23Wood+Cafe/data=!4m7!3m6!1s0x3962fd476e107f7f:0x2094b3144d9456ef!8m2!3d22.7228859!4d75.8868703!16s%2Fg%2F11byxgb88p!19sChIJf38Qbkf9YjkR71aUTRSzlCA?authuser=0&hl=en&rclk=1,cafes in Indore,scraped
Hopin - Patio Cafe,https://www.google.com/maps/place/Hopin+-+Patio+Cafe/data=!4m7!3m6!1s0x3962fdd7bf9fca49:0xb2785b5bb66dbed3!8m2!3d22.7303917!4d75.8846806!16s%2Fg%2F11s9h3cl7j!19sChIJScqfv9f9YjkR075ttltbeLI?authuser=0&hl=en&rclk=1,cafes in Indore,scraped
Bunkyard Cafe Indore,https://www.google.com/maps/place/Bunkyard+Cafe+Indore/data=!4m7!3m6!1s0x3962fd3d4f45dfe5:0xbefba83c589df7ce!8m2!3d22.7199683!4d75.8883226!16s%2Fg%2F11qh7h09sk!19sChIJ5d9FTz39YjkRzvedWDyo-74?authuser=0&hl=en&rclk=1,cafes in Indore,scraped
The HighGarden Cafe,https://www.google.com/maps/place/The+HighGarden+Cafe/data=!4m7!3m6!1s0x3962fde5e4367af5:0x3d68f1d6937299b5!8m2!3d22.7230349!4d75.8912168!16s%2Fg%2F11f8md3vbp!19sChIJ9Xo25OX9YjkRtZlyk9bxaD0?authuser=0&hl=en&rclk=1,cafes in Indore,scraped
Pool Side Cafe,https://www.google.com/maps/place/Pool+Side+Cafe/data=!4m7!3m6!1s0x3962fd1efd33076f:0xfc056e11a26ada5!8m2!3d22.7287351!4d75.888215!16s%2Fg%2F11pcprh39g!19sChIJbwcz_R79YjkRpa0mGuFWwA8?authuser=0&hl=en&rclk=1,cafes in Indore,scraped
Mr. Beans,https://www.google.com/maps/place/Mr.+Beans/data=!4m7!3m6!1s0x3962fd34580fb925:0x7e7da4bae9794d33!8m2!3d22.723283!4d75.896925!16s%2Fg%2F11b6hwq1pb!19sChIJJbkPWDT9YjkRM0156bqkfX4?authuser=0&hl=en&rclk=1,cafes in Indore,scraped
Tea Diaries Cafe,https://www.google.com/maps/place/Tea+Diaries+Cafe/data=!4m7!3m6!1s0x3962fd41d2c16345:0xd806421e385fcb2b!8m2!3d22.7282195!4d75.8772056!16s%2Fg%2F11hbnj06qv!19sChIJRWPB0kH9YjkRK8tfOB5CBtg?authuser=0&hl=en&rclk=1,cafes in Indore,scraped
neighbourhood,https://www.google.com/maps/place/neighbourhood/data=!4m7!3m6!1s0x3962fdfb81221ecf:0x90eabb9a9921b3e!8m2!3d22.725848!4d75.8974009!16s%2Fg%2F11wj5d86jv!19sChIJzx4igfv9YjkRPhuSqbmrDgk?authuser=0&hl=en&rclk=1,cafes in Indore,scraped
Urban Lokal Cafe,https://www.google.com/maps/place/Urban+Lokal+Cafe/data=!4m7!3m6!1s0x3962fd2547ee5863:0x7e943b9cf1bf0e3e!8m2!3d22.7138423!4d75.8868096!16s%2Fg%2F11c6s47dhd!19sChIJY1juRyX9YjkRPg6_8Zw7lH4?authuser=0&hl=en&rclk=1,cafes in Indore,scraped
"Peekaboo Cafe | Cold Coffee, Bubble Tea, Burger","https://www.google.com/maps/place/Peekaboo+Cafe+%7C+Cold+Coffee,+Bubble+Tea,+Burger/data=!4m7!3m6!1s0x3962fd118703348b:0xfa2237cc362f431!8m2!3d22.7262499!4d75.8875123!16s%2Fg%2F11vs28cs3y!19sChIJizQDhxH9YjkRMfRiw3wjog8?authuser=0&hl=en&rclk=1",cafes in Indore,scraped
CAFE LOCAL,https://www.google.com/maps/place/CAFE+LOCAL/data=!4m7!3m6!1s0x3962fd000d5bfec9:0xaeeea7db20763a42!8m2!3d22.7184969!4d75.8875754!16s%2Fg%2F11whwtd80p!19sChIJyf5bDQD9YjkRQjp2INun7q4?authuser=0&hl=en&rclk=1,cafes in Indore,scraped
Cafe Coffee Hut,https://www.google.com/maps/place/Cafe+Coffee+Hut/data=!4m7!3m6!1s0x3962fd1a0fbf392f:0x35e6bd3feea6b305!8m2!3d22.7266879!4d75.8799462!16s%2Fg%2F11h4n8dsrg!19sChIJLzm_Dxr9YjkRBbOm7j-95jU?authuser=0&hl=en&rclk=1,cafes in Indore,scraped
Shyam Sandwich & Shankys Cafe,https://www.google.com/maps/place/Shyam+Sandwich+%26+Shankys+Cafe/data=!4m7!3m6!1s0x3962fd592a06bb11:0x8f007e8797323659!8m2!3d22.732198!4d75.8750137!16s%2Fg%2F11pzt7r83q!19sChIJEbsGKln9YjkRWTYyl4d-AI8?authuser=0&hl=en&rclk=1,cafes in Indore,scraped
Love Over Coffee - Indore ( Vijay Nagar ),https://www.google.com/maps/place/Love+Over+Coffee+-+Indore+%28+Vijay+Nagar+%29/data=!4m7!3m6!1s0x396303b7ab9d7fc1:0x174fc25b02d1bd8f!8m2!3d22.7619057!4d75.880809!16s%2Fg%2F11vd8wk84l!19sChIJwX-dq7cDYzkRj73RAlvCTxc?authuser=0&hl=en&rclk=1,cafes in Indore,scraped
Aapka Cafe & Restro,https://www.google.com/maps/place/Aapka+Cafe+%26+Restro/data=!4m7!3m6!1s0x3962fd8e126a3771:0xdee0130c6eb88dbd!8m2!3d22.7213332!4d75.8616109!16s%2Fg%2F11t502mvnt!19sChIJcTdqEo79YjkRvY24bgwT4N4?authuser=0&hl=en&rclk=1,cafes in Indore,scraped
Café Coffee Day,https://www.google.com/maps/place/Caf%C3%A9+Coffee+Day/data=!4m7!3m6!1s0x3962fd40bab0aa95:0x7e885091782ab482!8m2!3d22.7261885!4d75.880877!16s%2Fg%2F1v46yrrx!19sChIJlaqwukD9YjkRgrQqeJFQiH4?authuser=0&hl=en&rclk=1,cafes in Indore,scraped
Bhiya Ka Thiya Cafe 56 Dukan,https://www.google.com/maps/place/Bhiya+Ka+Thiya+Cafe+56+Dukan/data=!4m7!3m6!1s0x3962fd24ff383ca5:0x65bbdcca7a34b83b!8m2!3d22.7255654!4d75.8847262!16s%2Fg%2F11fk4kj4jt!19sChIJpTw4_yT9YjkRO7g0esrcu2U?authuser=0&hl=en&rclk=1,cafes in Indore,scraped
Chai Chouraha the Drive-In Cafe 24x7,https://www.google.com/maps/place/Chai+Chouraha+the+Drive-In+Cafe+24x7/data=!4m7!3m6!1s0x3962fdbd3ad7f607:0x4f89b636bb2fc564!8m2!3d22.7245169!4d75.8873625!16s%2Fg%2F11y22d6fpq!19sChIJB_bXOr39YjkRZMUvuza2iU8?authuser=0&hl=en&rclk=1,cafes in Indore,scraped
Kairos Cafe Indore,https://www.google.com/maps/place/Kairos+Cafe+Indore/data=!4m7!3m6!1s0x3962fd7f683056bf:0x7d39dd95ff27e150!8m2!3d22.7268881!4d75.8810715!16s%2Fg%2F11tp7qgfq7!19sChIJv1YwaH_9YjkRUOEn_5XdOX0?authuser=0&hl=en&rclk=1,cafes in Indore,scraped
Cafe IGLOO,https://www.google.com/maps/place/Cafe+IGLOO/data=!4m7!3m6!1s0x3962fdf5f997ce8d:0xa42802138d7eae90!8m2!3d22.7229793!4d75.8965926!16s%2Fg%2F11vc96mszz!19sChIJjc6X-fX9YjkRkK5-jRMCKKQ?authuser=0&hl=en&rclk=1,cafes in Indore,scraped
Cafe Golden Wood,https://www.google.com/maps/place/Cafe+Golden+Wood/data=!4m7!3m6!1s0x3962fdcd27c25151:0xab94a636c859c7fa!8m2!3d22.7301479!4d75.8886345!16s%2Fg%2F11qwrhxg9s!19sChIJUVHCJ839YjkR-sdZyDamlKs?authuser=0&hl=en&rclk=1,cafes in Indore,scraped
Upper Deck Cafe,https://www.google.com/maps/place/Upper+Deck+Cafe/data=!4m7!3m6!1s0x3962fd79fd622251:0xde25f9231fb21062!8m2!3d22.7361386!4d75.8861877!16s%2Fg%2F11sbhl5y1h!19sChIJUSJi_Xn9YjkRYhCyHyP5Jd4?authuser=0&hl=en&rclk=1,cafes in Indore,scraped
Cafe J3 Junction,https://www.google.com/maps/place/Cafe+J3+Junction/data=!4m7!3m6!1s0x3962fdcf068f1501:0x8ea2a2d774a0544c!8m2!3d22.7345573!4d75.890032!16s%2Fg%2F11y74p8p8y!19sChIJARWPBs_9YjkRTFSgdNeioo4?authuser=0&hl=en&rclk=1,cafes in Indore,scraped
Cafe googly,https://www.google.com/maps/place/Cafe+googly/data=!4m7!3m6!1s0x3962fd0518dc6f73:0x6be064d0ef51602!8m2!3d22.709579!4d75.8840157!16s%2Fg%2F11ll9lwc5l!19sChIJc2_cGAX9YjkRAhb1Dk0GvgY?authuser=0&hl=en&rclk=1,cafes in Indore,scraped
The Mute Cafe,https://www.google.com/maps/place/The+Mute+Cafe/data=!4m7!3m6!1s0x3962fd17aeb0acb7:0x3af5c15dc2651284!8m2!3d22.714578!4d75.8919601!16s%2Fg%2F11h04m65mg!19sChIJt6ywrhf9YjkRhBJlwl3B9To?authuser=0&hl=en&rclk=1,cafes in Indore,scraped
"SENCIA | Dine In, Cafe & Bakery","https://www.google.com/maps/place/SENCIA+%7C+Dine+In,+Cafe+%26+Bakery/data=!4m7!3m6!1s0x396303001b0650df:0xe85cda850c152d78!8m2!3d22.7547356!4d75.8860321!16s%2Fg%2F11vxjp7lf3!19sChIJ31AGGwADYzkReC0VDIXaXOg?authuser=0&hl=en&rclk=1",cafes in Indore,scraped
Chai Sutta Bar Indore,https://www.google.com/maps/place/Chai+Sutta+Bar+Indore/data=!4m7!3m6!1s0x3962fd457cd3752d:0x79c1761e7dbe3381!8m2!3d22.7252537!4d75.884436!16s%2Fg%2F11f60ywq71!19sChIJLXXTfEX9YjkRgTO-fR52wXk?authuser=0&hl=en&rclk=1,cafes in Indore,scraped
Sip coffee,https://www.google.com/maps/place/Sip+coffee/data=!4m7!3m6!1s0x3962fd948f61600d:0xea78a148d279d69f!8m2!3d22.7335142!4d75.8911109!16s%2Fg%2F11vy11gnht!19sChIJDWBhj5T9YjkRn9Z50kiheOo?authuser=0&hl=en&rclk=1,cafes in Indore,scraped
Mitti Cafè - Organic. Fresh. Desi.,https://www.google.com/maps/place/Mitti+Caf%C3%A8+-+Organic.+Fresh.+Desi./data=!4m7!3m6!1s0x3962fd37c77c4cdf:0x4e662e38d451350b!8m2!3d22.7256968!4d75.8998127!16s%2Fg%2F11c75y2v9l!19sChIJ30x8xzf9YjkRCzVR1DguZk4?authuser=0&hl=en&rclk=1,cafes in Indore,scraped
Lite Meal Cafe & Restaurant,https://www.google.com/maps/place/Lite+Meal+Cafe+%26+Restaurant/data=!4m7!3m6!1s0x3962fdf333d6e163:0x93afacc3af21019d!8m2!3d22.7278037!4d75.8874127!16s%2Fg%2F11tn829fmx!19sChIJY-HWM_P9YjkRnQEhr8Osr5M?authuser=0&hl=en&rclk=1,cafes in Indore,scraped
Terazza Veg Kitchen,https://www.google.com/maps/place/Terazza+Veg+Kitchen/data=!4m7!3m6!1s0x3962fd56c4014007:0x7056b9d9a6baab8e!8m2!3d22.7451062!4d75.8922699!16s%2Fg%2F12m99bq4g!19sChIJB0ABxFb9YjkRjqu6ptm5VnA?authuser=0&hl=en&rclk=1,cafes in Indore,scraped
Farzi Cafe Indore,https://www.google.com/maps/place/Farzi+Cafe+Indore/data=!4m7!3m6!1s0x3962fd11bdc3813b:0xa99558d72c6f05b!8m2!3d22.7498929!4d75.8968562!16s%2Fg%2F11h0qcgxzd!19sChIJO4HDvRH9YjkRW_DGco1VmQo?authuser=0&hl=en&rclk=1,cafes in Indore,scraped
Flames- Café and Kitchen,https://www.google.com/maps/place/Flames-+Caf%C3%A9+and+Kitchen/data=!4m7!3m6!1s0x3962fdd7a1ba1191:0xd7579bb0295249cb!8m2!3d22.7321583!4d75.8753219!16s%2Fg%2F11syr33rtz!19sChIJkRG6odf9YjkRy0lSKbCbV9c?authuser=0&hl=en&rclk=1,cafes in Indore,scraped
Blue Roof Café,https://www.google.com/maps/place/Blue+Roof+Caf%C3%A9/data=!4m7!3m6!1s0x3962fd74cf7bf7cb:0x377b4f31882cc311!8m2!3d22.7351791!4d75.8895439!16s%2Fg%2F11rnnv75n3!19sChIJy_d7z3T9YjkREcMsiDFPezc?authuser=0&hl=en&rclk=1,cafes in Indore,scraped
The Nest Café,https://www.google.com/maps/place/The+Nest+Caf%C3%A9/data=!4m7!3m6!1s0x3962fd4a0130e48d:0x75bb4f3d76bb5223!8m2!3d22.7269502!4d75.8942582!16s%2Fg%2F11cnwf76__!19sChIJjeQwAUr9YjkRI1K7dj1Pu3U?authuser=0&hl=en&rclk=1,cafes in Indore,scraped
Lootel Smart Restroom Cafe - AICTSL,https://www.google.com/maps/place/Lootel+Smart+Restroom+Cafe+-+AICTSL/data=!4m7!3m6!1s0x3962fd3b3362159f:0x653813c8b7fe708b!8m2!3d22.714311!4d75.8843709!16s%2Fg%2F11d_9dgbg9!19sChIJnxViMzv9YjkRi3D-t8gTOGU?authuser=0&hl=en&rclk=1,cafes in Indore,scraped
"Nothing Before Coffee - Scheme 140, Indore","https://www.google.com/maps/place/Nothing+Before+Coffee+-+Scheme+140,+Indore/data=!4m7!3m6!1s0x3962e33a06c64c77:0x520406f3932aa9d3!8m2!3d22.7046254!4d75.9173423!16s%2Fg%2F11sb00l906!19sChIJd0zGBjrjYjkR06kqk_MGBFI?authuser=0&hl=en&rclk=1",cafes in Indore,scraped
The Sukoon Cafe,https://www.google.com/maps/place/The+Sukoon+Cafe/data=!4m7!3m6!1s0x3962fdcc271ae3d9:0xa96dd239451160e2!8m2!3d22.6971704!4d75.8754319!16s%2Fg%2F11h6ml3_m9!19sChIJ2eMaJ8z9YjkR4mARRTnSbak?authuser=0&hl=en&rclk=1,cafes in Indore,scraped
Godwit Cafe | Best Cafes in Indore | Best Jain food in Indore | Pure Veg restaurant,https://www.google.com/maps/place/Godwit+Cafe+%7C+Best+Cafes+in+Indore+%7C+Best+Jain+food+in+Indore+%7C+Pure+Veg+restaurant/data=!4m7!3m6!1s0x3962e381a95ec017:0x2acaf1275e657ade!8m2!3d22.7026586!4d75.9195681!16s%2Fg%2F11js3nk7bn!19sChIJF8BeqYHjYjkR3nplXifxyio?authuser=0&hl=en&rclk=1,cafes in Indore,scraped
"Nothing Before Coffee - Vijay Nagar Square, Indore","https://www.google.com/maps/place/Nothing+Before+Coffee+-+Vijay+Nagar+Square,+Indore/data=!4m7!3m6!1s0x3963031077729851:0x30cbb5810ec3e88d!8m2!3d22.7534141!4d75.8972057!16s%2Fg%2F11sd9jbzjn!19sChIJUZhydxADYzkRjejDDoG1yzA?authuser=0&hl=en&rclk=1",cafes in Indore,scraped
The Mamta's Cafe,https://www.google.com/maps/place/The+Mamta%27s+Cafe/data=!4m7!3m6!1s0x3962fd4402149f4b:0x904fbfa67ab8eb21!8m2!3d22.7231286!4d75.895614!16s%2Fg%2F11cn9tvfw6!19sChIJS58UAkT9YjkRIeu4eqa_T5A?authuser=0&hl=en&rclk=1,cafes in Indore,scraped
Cafe @ Blu,https://www.google.com/maps/place/Cafe+@+Blu/data=!4m7!3m6!1s0x3962fd3b99ac935d:0x3250e40310670634!8m2!3d22.7178889!4d75.8839521!16s%2Fg%2F1pzq601nb!19sChIJXZOsmTv9YjkRNAZnEAPkUDI?authuser=0&hl=en&rclk=1,new cafes in Indore,scraped
Around the Block,https://www.google.com/maps/place/Around+the+Block/data=!4m7!3m6!1s0x3962fd2d27eca249:0x679cd1d3aa4fa1e6!8m2!3d22.7222108!4d75.8853065!16s%2Fg%2F11wvmn3_vv!19sChIJSaLsJy39YjkR5qFPqtPRnGc?authuser=0&hl=en&rclk=1,new cafes in Indore,scraped
Funeats - Pure Veg | Cafe & Restaurant | Party Place,https://www.google.com/maps/place/Funeats+-+Pure+Veg+%7C+Cafe+%26+Restaurant+%7C+Party+Place/data=!4m7!3m6!1s0x3962fd73cca75ddf:0x31d3c590d6385d0a!8m2!3d22.7210768!4d75.8787311!16s%2Fg%2F11m0tg8n_3!19sChIJ312nzHP9YjkRCl041pDF0zE?authuser=0&hl=en&rclk=1,new cafes in Indore,scraped
Paradise Cafe,https://www.google.com/maps/place/Paradise+Cafe/data=!4m7!3m6!1s0x3962fd395a13c901:0x42aca245ee5573a!8m2!3d22.7203789!4d75.8833025!16s%2Fg%2F11bbtpw9db!19sChIJAckTWjn9YjkROlflXiTKKgQ?authuser=0&hl=en&rclk=1,new cafes in Indore,scraped
Domin8 eSports Cafe,https://www.google.com/maps/place/Domin8+eSports+Cafe/data=!4m7!3m6!1s0x3962fd8a51d4167b:0x9ebcbcd60b142a99!8m2!3d22.7198955!4d75.8851963!16s%2Fg%2F11gjx5dw1n!19sChIJexbUUYr9YjkRmSoUC9a8vJ4?authuser=0&hl=en&rclk=1,new cafes in Indore,scraped
Your Own Brew cafe,https://www.google.com/maps/place/Your+Own+Brew+cafe/data=!4m7!3m6!1s0x3962fdc0dcdceb5f:0xb39104cdecc5ef89!8m2!3d22.7137496!4d75.8429249!16s%2Fg%2F11fhlrl1pv!19sChIJX-vc3MD9YjkRie_F7M0EkbM?authuser=0&hl=en&rclk=1,new cafes in Indore,scraped
Siolim Specialty Coffee Roasters Indore,https://www.google.com/maps/place/Siolim+Specialty+Coffee+Roasters+Indore/data=!4m7!3m6!1s0x3962fdbb7229cd9f:0x79092c805f4131fb!8m2!3d22.6992266!4d75.8717483!16s%2Fg%2F11t7pcr5gs!19sChIJn80pcrv9YjkR-zFBX4AsCXk?authuser=0&hl=en&rclk=1,new cafes in Indore,scraped
Mocha,https://www.google.com/maps/place/Mocha/data=!4m7!3m6!1s0x3962fd69bf998697:0x8ef5d85f678c03ad!8m2!3d22.732457!4d75.8751118!16s%2Fg%2F11bw5xw3qb!19sChIJl4aZv2n9YjkRrQOMZ1_Y9Y4?authuser=0&hl=en&rclk=1,new cafes in Indore,scraped
Cafe Chapter One,https://www.google.com/maps/place/Cafe+Chapter+One/data=!4m7!3m6!1s0x39631d53c28c5665:0x1e503bc37f336f35!8m2!3d22.7583663!4d75.9048002!16s%2Fg%2F11hcw4d2h3!19sChIJZVaMwlMdYzkRNW8zf8M7UB4?authuser=0&hl=en&rclk=1,new cafes in Indore,scraped
Tinkus - New Palasia,https://www.google.com/maps/place/Tinkus+-+New+Palasia/data=!4m7!3m6!1s0x3962fdcb707529bb:0x176f78580ceb4431!8m2!3d22.7271109!4d75.8839762!16s%2Fg%2F11rj684q_x!19sChIJuyl1cMv9YjkRMUTrDFh4bxc?authuser=0&hl=en&rclk=1,new cafes in Indore,scraped
Flavours Of Jail ( Jail Cafe India ),https://www.google.com/maps/place/Flavours+Of+Jail+%28+Jail+Cafe+India+%29/data=!4m7!3m6!1s0x3962fce0b94d8411:0x22c894208dfaa828!8m2!3d22.6971347!4d75.8755301!16s%2Fg%2F11ggshfh3h!19sChIJEYRNueD8YjkRKKj6jSCUyCI?authuser=0&hl=en&rclk=1,new cafes in Indore,scraped
Kibo Cafe,https://www.google.com/maps/place/Kibo+Cafe/data=!4m7!3m6!1s0x3962fd6137050d45:0x981de91636f57594!8m2!3d22.74762!4d75.8966913!16s%2Fg%2F11w3z3s_bb!19sChIJRQ0FN2H9YjkRlHX1NhbpHZg?authuser=0&hl=en&rclk=1,new cafes in Indore,scraped
Nothing Before Coffee Sapna Sangeeta,https://www.google.com/maps/place/Nothing+Before+Coffee+Sapna+Sangeeta/data=!4m7!3m6!1s0x3962fd6816de76bb:0xd4ca35f37ed4ba7e!8m2!3d22.7006077!4d75.865192!16s%2Fg%2F11s7wnmv21!19sChIJu3beFmj9YjkRfrrUfvM1ytQ?authuser=0&hl=en&rclk=1,new cafes in Indore,scraped
Feast Lane,https://www.google.com/maps/place/Feast+Lane/data=!4m7!3m6!1s0x3962fd5354c6745b:0xb21dfe8238cd6224!8m2!3d22.7290218!4d75.8857051!16s%2Fg%2F11t6w1_qlt!19sChIJW3TGVFP9YjkRJGLNOIL-HbI?authuser=0&hl=en&rclk=1,new restaurants in Indore,scraped
28 Paarroo,https://www.google.com/maps/place/28+Paarroo/data=!4m7!3m6!1s0x3962fdebbe0a9f47:0x3f350ac5082f689e!8m2!3d22.7302623!4d75.8888093!16s%2Fg%2F11n3lzhg_0!19sChIJR58Kvuv9YjkRnmgvCMUKNT8?authuser=0&hl=en&rclk=1,new restaurants in Indore,scraped
The Biryani Republic (Indore 56),https://www.google.com/maps/place/The+Biryani+Republic+%28Indore+56%29/data=!4m7!3m6!1s0x3962fd893dc1ce31:0xafb5d1c1dff2f77b!8m2!3d22.7246976!4d75.884117!16s%2Fg%2F11vszcf321!19sChIJMc7BPYn9YjkRe_fy38HRta8?authuser=0&hl=en&rclk=1,new restaurants in Indore,scraped
AL-QASIM RESTAURANT,https://www.google.com/maps/place/AL-QASIM+RESTAURANT/data=!4m7!3m6!1s0x3962fd5fad9e9b9b:0x418a3999c624f0b4!8m2!3d22.7134059!4d75.8694591!16s%2Fg%2F11qpzv92hz!19sChIJm5uerV_9YjkRtPAkxpk5ikE?authuser=0&hl=en&rclk=1,new restaurants in Indore,scraped
Barbeque Nation - Indore - Treasure Island Mall,https://www.google.com/maps/place/Barbeque+Nation+-+Indore+-+Treasure+Island+Mall/data=!4m7!3m6!1s0x3962fd1272516193:0xf470aeb05e8b2785!8m2!3d22.7213298!4d75.8785573!16s%2Fg%2F11j8l5hfmf!19sChIJk2FRchL9YjkRhSeLXrCucPQ?authuser=0&hl=en&rclk=1,new restaurants in Indore,scraped
SPRUZZO THE COCKTAIL GARDEN,https://www.google.com/maps/place/SPRUZZO+THE+COCKTAIL+GARDEN/data=!4m7!3m6!1s0x3962fd38b9a8ee43:0xfef92b2a9b18841a!8m2!3d22.727195!4d75.8845639!16s%2Fg%2F11ksc4ddzl!19sChIJQ-6ouTj9YjkRGoQYmyor-f4?authuser=0&hl=en&rclk=1,new restaurants in Indore,scraped
Tanatan Indore,https://www.google.com/maps/place/Tanatan+Indore/data=!4m7!3m6!1s0x3962e3002810d6b5:0xf6c91dd33d83cc9a!8m2!3d22.7277804!4d75.9313668!16s%2Fg%2F11wv7yzgwm!19sChIJtdYQKADjYjkRmsyDPdMdyfY?authuser=0&hl=en&rclk=1,new restaurants in Indore,scraped
Hotel 🏨,https://www.google.com/maps/place/Hotel+%F0%9F%8F%A8/data=!4m7!3m6!1s0x3962fd160ce31c23:0xc4f526d145c41d93!8m2!3d22.7195467!4d75.8836775!16s%2Fg%2F11byxh2lpb!19sChIJIxzjDBb9YjkRkx3ERdEm9cQ?authuser=0&hl=en&rclk=1,new restaurants in Indore,scraped
Bapu Ki Kutia (since 1964),https://www.google.com/maps/place/Bapu+Ki+Kutia+%28since+1964%29/data=!4m7!3m6!1s0x3962fde405bd157b:0xf30d447fff1157f4!8m2!3d22.7288138!4d75.8879449!16s%2Fg%2F11v5sm95l8!19sChIJexW9BeT9YjkR9FcR_39EDfM?authuser=0&hl=en&rclk=1,new restaurants in Indore,scraped
Jain Shaab,https://www.google.com/maps/place/Jain+Shaab/data=!4m7!3m6!1s0x3962fd734f7c1841:0xf1fb5c22299cc157!8m2!3d22.724135!4d75.8845026!16s%2Fg%2F11t4x_p5zd!19sChIJQRh8T3P9YjkRV8GcKSJc-_E?authuser=0&hl=en&rclk=1,new restaurants in Indore,scraped
Oye Pappe,https://www.google.com/maps/place/Oye+Pappe/data=!4m7!3m6!1s0x3962fdf05acd2fd1:0xa40b76fcdea1a52d!8m2!3d22.7263359!4d75.8874094!16s%2Fg%2F11s8hq6wnm!19sChIJ0S_NWvD9YjkRLaWh3vx2C6Q?authuser=0&hl=en&rclk=1,new restaurants in Indore,scraped
Dilli Darbar Family Restaurant,https://www.google.com/maps/place/Dilli+Darbar+Family+Restaurant/data=!4m7!3m6!1s0x3962fd38388d0913:0xd4632f0f713e1d23!8m2!3d22.7239789!4d75.8860499!16s%2Fg%2F11bw5m87fg!19sChIJEwmNODj9YjkRIx0-cQ8vY9Q?authuser=0&hl=en&rclk=1,new restaurants in Indore,scraped
Inizio,https://www.google.com/maps/place/Inizio/data=!4m7!3m6!1s0x3962fd2401d74f11:0xc0b6e56b4b741e92!8m2!3d22.7300253!4d75.8824816!16s%2Fg%2F11pz_5l82l!19sChIJEU_XAST9YjkRkh50S2vltsA?authuser=0&hl=en&rclk=1,new restaurants in Indore,scraped
Eat N Treat,https://www.google.com/maps/place/Eat+N+Treat/data=!4m7!3m6!1s0x3962fd38be46a521:0xc9b3ad6dbd10b006!8m2!3d22.7245672!4d75.883696!16s%2Fg%2F11bbt3jnw2!19sChIJIaVGvjj9YjkRBrAQvW2ts8k?authuser=0&hl=en&rclk=1,new restaurants in Indore,scraped
Rajhans Dal Bafle - saket nagar,https://www.google.com/maps/place/Rajhans+Dal+Bafle+-+saket+nagar/data=!4m7!3m6!1s0x3962fdde766a72ed:0x8c9e0a40bf189e59!8m2!3d22.7227757!4d75.8962785!16s%2Fg%2F11rwpj9w6d!19sChIJ7XJqdt79YjkRWZ4Yv0AKnow?authuser=0&hl=en&rclk=1,new restaurants in Indore,scraped
Sagar Gaire,https://www.google.com/maps/place/Sagar+Gaire/data=!4m7!3m6!1s0x3962fd38a466982d:0xe8971515cacc62a4!8m2!3d22.7251717!4d75.8837172!16s%2Fg%2F11f53qtsh5!19sChIJLZhmpDj9YjkRpGLMyhUVl-g?authuser=0&hl=en&rclk=1,new restaurants in Indore,scraped
VAIRAANA,https://www.google.com/maps/place/VAIRAANA/data=!4m7!3m6!1s0x3962fd5574d9b6a1:0xc64c117b01a61a0!8m2!3d22.7017977!4d75.8675313!16s%2Fg%2F11x6005mc2!19sChIJobbZdFX9YjkRoGEasBfBZAw?authuser=0&hl=en&rclk=1,new restaurants in Indore,scraped
CHICK-N-DIP,https://www.google.com/maps/place/CHICK-N-DIP/data=!4m7!3m6!1s0x3962fd0066101d09:0x7f868e31706989af!8m2!3d22.7244206!4d75.884368!16s%2Fg%2F11w4rtrbyz!19sChIJCR0QZgD9YjkRr4lpcDGOhn8?authuser=0&hl=en&rclk=1,new restaurants in Indore,scraped
"CBSC - Cooked in Brass, Served in Clay","https://www.google.com/maps/place/CBSC+-+Cooked+in+Brass,+Served+in+Clay/data=!4m7!3m6!1s0x3962fd680286b923:0xb98be103fd8fb6a1!8m2!3d22.72963!4d75.883484!16s%2Fg%2F11tngztnv7!19sChIJI7mGAmj9YjkRobaP_QPhi7k?authuser=0&hl=en&rclk=1",new restaurants in Indore,scraped
Lalaji's Mhow Kulfi (Chhappan),https://www.google.com/maps/place/Lalaji%27s+Mhow+Kulfi+%28Chhappan%29/data=!4m7!3m6!1s0x3962fd38f21bc1e3:0xdd541b218064c9!8m2!3d22.7240627!4d75.8847779!16s%2Fg%2F11g02cvgby!19sChIJ48Eb8jj9YjkRyWSAIRtU3QA?authuser=0&hl=en&rclk=1,new restaurants in Indore,scraped
E Mc2 Restaurant,https://www.google.com/maps/place/E+Mc2+Restaurant/data=!4m7!3m6!1s0x3962fd4098bf5a87:0xc456226838832e6c!8m2!3d22.7259796!4d75.8809014!16s%2Fg%2F11c6rjqfm1!19sChIJh1q_mED9YjkRbC6DOGgiVsQ?authuser=0&hl=en&rclk=1,new restaurants in Indore,scraped
MP-09 Delhi Zayka,https://www.google.com/maps/place/MP-09+Delhi+Zayka/data=!4m7!3m6!1s0x3962fd069686038d:0x8d52746868d73296!8m2!3d22.7273459!4d75.8852758!16s%2Fg%2F11c0rh0s8x!19sChIJjQOGlgb9YjkRljLXaGh0Uo0?authuser=0&hl=en&rclk=1,new restaurants in Indore,scraped
Chemistry The Cafe Lounge,https://www.google.com/maps/place/Chemistry+The+Cafe+Lounge/data=!4m7!3m6!1s0x3963038006b6ca89:0xf18d4c6b03d4c124!8m2!3d22.7641103!4d75.8857803!16s%2Fg%2F11j5fp96sp!19sChIJicq2BoADYzkRJMHUA2tMjfE?authuser=0&hl=en&rclk=1,best cafes in Indore,scraped
Suto Coffee,https://www.google.com/maps/place/Suto+Coffee/data=!4m7!3m6!1s0x3963034c21e56727:0x12e23f8b8812c7c6!8m2!3d22.7587521!4d75.904994!16s%2Fg%2F11qnq160p4!19sChIJJ2flIUwDYzkRxscSiIs_4hI?authuser=0&hl=en&rclk=1,best cafes in Indore,scraped
Cafe 99,https://www.google.com/maps/place/Cafe+99/data=!4m7!3m6!1s0x3962fd3be7afffff:0xc1bcff7a40be5a1d!8m2!3d22.7193792!4d75.8837582!16s%2Fg%2F11df4wgd4g!19sChIJ__-v5zv9YjkRHVq-QHr_vME?authuser=0&hl=en&rclk=1,best cafes in Indore,scraped
Crazy coffee | Zodiac Mall,https://www.google.com/maps/place/Crazy+coffee+%7C+Zodiac+Mall/data=!4m7!3m6!1s0x3962e3674c7b4837:0x51e6a71c6527ec0!8m2!3d22.7043125!4d75.9179375!16s%2Fg%2F11trfczzjk!19sChIJN0h7TGfjYjkRwH5SxnFqHgU?authuser=0&hl=en&rclk=1,best cafes in Indore,scraped
The hungry cafe,https://www.google.com/maps/place/The+hungry+cafe/data=!4m7!3m6!1s0x3963038af73716fb:0xf86a09ee76ae5ae0!8m2!3d22.7632641!4d75.8864395!16s%2Fg%2F11sdnqpp3x!19sChIJ-xY394oDYzkR4Fqudu4Javg?authuser=0&hl=en&rclk=1,best cafes in Indore,scraped
Balanced Bites Cafe,https://www.google.com/maps/place/Balanced+Bites+Cafe/data=!4m7!3m6!1s0x396303440cbf9283:0xa9007381a22708!8m2!3d22.7540144!4d75.8973551!16s%2Fg%2F11vjmtl1s4!19sChIJg5K_DEQDYzkRCCeigXMAqQA?authuser=0&hl=en&rclk=1,best cafes in Indore,scraped
Tiny House Cafe,https://www.google.com/maps/place/Tiny+House+Cafe/data=!4m7!3m6!1s0x396303a1919805f1:0x59f61efd36e36a1a!8m2!3d22.7583816!4d75.8856722!16s%2Fg%2F11gy72kxg8!19sChIJ8QWYkaEDYzkRGmrjNv0e9lk?authuser=0&hl=en&rclk=1,best cafes in Indore,scraped
CAFE CRUNCH,https://www.google.com/maps/place/CAFE+CRUNCH/data=!4m7!3m6!1s0x3962fd4c276671b3:0xa0e36a7f86100443!8m2!3d22.6958515!4d75.8657291!16s%2Fg%2F11lm_h7rcj!19sChIJs3FmJ0z9YjkRQwQQhn9q46A?authuser=0&hl=en&rclk=1,best cafes in Indore,scraped
Chai Vaai Cafe Janjeerwala,https://www.google.com/maps/place/Chai+Vaai+Cafe+Janjeerwala/data=!4m7!3m6!1s0x3962fdf8566a2a1f:0x494d6a3ef7e22846!8m2!3d22.7242005!4d75.8822754!16s%2Fg%2F11v3d7r568!19sChIJHypqVvj9YjkRRiji9z5qTUk?authuser=0&hl=en&rclk=1,trending cafes in Indore,scraped
Devil’s kitchen cafe,https://www.google.com/maps/place/Devil%E2%80%99s+kitchen+cafe/data=!4m7!3m6!1s0x3962fd1f000170ad:0xd1e9fe08b33ae168!8m2!3d22.7199493!4d75.8850275!16s%2Fg%2F11vy9w8371!19sChIJrXABAB_9YjkRaOE6swj-6dE?authuser=0&hl=en&rclk=1,trending cafes in Indore,scraped
The Hosteller's Cafe & Restro,https://www.google.com/maps/place/The+Hosteller%27s+Cafe+%26+Restro/data=!4m7!3m6!1s0x3962fd782c6a9e77:0x1b6b304b35c13abd!8m2!3d22.7180756!4d75.8837238!16s%2Fg%2F11vd9wzc5b!19sChIJd55qLHj9YjkRvTrBNUswaxs?authuser=0&hl=en&rclk=1,trending cafes in Indore,scraped
Tanishq Cafe,https://www.google.com/maps/place/Tanishq+Cafe/data=!4m7!3m6!1s0x3962fd49ef38a871:0x1b72c9721015d29d!8m2!3d22.7275992!4d75.8930773!16s%2Fg%2F11bzv_0bdp!19sChIJcag470n9YjkRndIVEHLJchs?authuser=0&hl=en&rclk=1,trending cafes in Indore,scraped
Thyme & Whisk - Best Restaurant In Indore | Pure Veg Restaurant | Family Restaurant,https://www.google.com/maps/place/Thyme+%26+Whisk+-+Best+Restaurant+In+Indore+%7C+Pure+Veg+Restaurant+%7C+Family+Restaurant/data=!4m7!3m6!1s0x3963030f918406e9:0xe9db4edd9a7ba505!8m2!3d22.761123!4d75.8981316!16s%2Fg%2F11vrh6_xjr!19sChIJ6QaEkQ8DYzkRBaV7mt1O2-k?authuser=0&hl=en&rclk=1,best restaurants in Indore,scraped
The Waterfall Restaurant Indore,https://www.google.com/maps/place/The+Waterfall+Restaurant+Indore/data=!4m7!3m6!1s0x3962f9072272d8c3:0x8f0eb02c506070a0!8m2!3d22.6182403!4d75.8010383!16s%2Fg%2F11j8wthl5y!19sChIJw9hyIgf5YjkRoHBgUCywDo8?authuser=0&hl=en&rclk=1,best restaurants in Indore,scraped
Little Monk,https://www.google.com/maps/place/Little+Monk/data=!4m7!3m6!1s0x396302f05fbf507f:0x2a0f9e2e53b3d676!8m2!3d22.780577!4d75.8624356!16s%2Fg%2F11f53ncfxw!19sChIJf1C_X_ACYzkRdtazUy6eDyo?authuser=0&hl=en&rclk=1,best restaurants in Indore,scraped
Epicure Rooftop Restaurant,https://www.google.com/maps/place/Epicure+Rooftop+Restaurant/data=!4m7!3m6!1s0x3962fd130e6d1ff9:0xc1d3faec795b68e4!8m2!3d22.7176164!4d75.8770958!16s%2Fg%2F11y294cdrp!19sChIJ-R9tDhP9YjkR5Ghbeez608E?authuser=0&hl=en&rclk=1,best restaurants in Indore,scraped
Kabelo Veg Barbecues,https://www.google.com/maps/place/Kabelo+Veg+Barbecues/data=!4m7!3m6!1s0x3962e36a6db17f87:0x39adde5546195edd!8m2!3d22.746943!4d75.8937906!16s%2Fg%2F11pz2wv2fg!19sChIJh3-xbWrjYjkR3V4ZRlXerTk?authuser=0&hl=en&rclk=1,best restaurants in Indore,scraped
Shreemaya Residency Restaurant,https://www.google.com/maps/place/Shreemaya+Residency+Restaurant/data=!4m10!3m9!1s0x3962fd4e2d425f83:0x5f94b78188baa551!5m2!4m1!1i2!8m2!3d22.7398712!4d75.8924654!16s%2Fg%2F11btm9_77k!19sChIJg19CLU79YjkRUaW6iIG3lF8?authuser=0&hl=en&rclk=1,best restaurants in Indore,scraped
Mid Flight - Family Garden Restaurant & Cafeteria - Best Restaurant In Indore | Best Family Restaurant In Indore | Best Cafe,https://www.google.com/maps/place/Mid+Flight+-+Family+Garden+Restaurant+%26+Cafeteria+-+Best+Restaurant+In+Indore+%7C+Best+Family+Restaurant+In+Indore+%7C+Best+Cafe/data=!4m7!3m6!1s0x3962fdf77b113fc1:0x8c1a249674dc9c03!8m2!3d22.7302314!4d75.8142348!16s%2Fg%2F11h_78mlw0!19sChIJwT8Re_f9YjkRA5zcdJYkGow?authuser=0&hl=en&rclk=1,best restaurants in Indore,scraped
The Eighteen,https://www.google.com/maps/place/The+Eighteen/data=!4m7!3m6!1s0x3962fdb19742a107:0x28f655e08b5f1602!8m2!3d22.7452622!4d75.893149!16s%2Fg%2F11h0zhkmws!19sChIJB6FCl7H9YjkRAhZfi-BV9ig?authuser=0&hl=en&rclk=1,best restaurants in Indore,scraped
Karigari Indore,https://www.google.com/maps/place/Karigari+Indore/data=!4m7!3m6!1s0x3963039e21d19db1:0xda10078ae0e34904!8m2!3d22.7553252!4d75.8957233!16s%2Fg%2F11w3f4vv1p!19sChIJsZ3RIZ4DYzkRBEnj4IoHENo?authuser=0&hl=en&rclk=1,best restaurants in Indore,scraped
Chopstick City,https://www.google.com/maps/place/Chopstick+City/data=!4m7!3m6!1s0x396302a86bd98e97:0x6ec6afd4b408da2e!8m2!3d22.7513328!4d75.8892278!16s%2Fg%2F11g88g9jpr!19sChIJl47Za6gCYzkRLtoItNSvxm4?authuser=0&hl=en&rclk=1,best restaurants in Indore,scraped
Herb's & Chillies (Saffron Cafe & Restro),https://www.google.com/maps/place/Herb%27s+%26+Chillies+%28Saffron+Cafe+%26+Restro%29/data=!4m7!3m6!1s0x3962fda93857dab1:0x28c9c751657d5fba!8m2!3d22.7008461!4d75.8447307!16s%2Fg%2F11pz7y0qck!19sChIJsdpXOKn9YjkRul99ZVHHySg?authuser=0&hl=en&rclk=1,best restaurants in Indore,scraped
"Sanchi - Dum Pukht, Awadhi Cuisine Restaurant","https://www.google.com/maps/place/Sanchi+-+Dum+Pukht,+Awadhi+Cuisine+Restaurant/data=!4m7!3m6!1s0x396302a86970832f:0xfac30e127e313594!8m2!3d22.7513406!4d75.8891722!16s%2Fg%2F11dd_s8spf!19sChIJL4NwaagCYzkRlDUxfhIOw_o?authuser=0&hl=en&rclk=1",best restaurants in Indore,scraped
Om Sai Prashad Bhojnalay,https://www.google.com/maps/place/Om+Sai+Prashad+Bhojnalay/data=!4m7!3m6!1s0x3962fd1142c42271:0xa0844a51672db84c!8m2!3d22.7179009!4d75.8694872!16s%2Fg%2F11bbtnss46!19sChIJcSLEQhH9YjkRTLgtZ1FKhKA?authuser=0&hl=en&rclk=1,best restaurants in Indore,scraped
Atelier V | Casual Fine Dine Restaurant & Cocktail Bar,https://www.google.com/maps/place/Atelier+V+%7C+Casual+Fine+Dine+Restaurant+%26+Cocktail+Bar/data=!4m7!3m6!1s0x3962fdaac41a42d9:0x410dde45f65d59a0!8m2!3d22.7441385!4d75.8919652!16s%2Fg%2F11v1973pn4!19sChIJ2UIaxKr9YjkRoFld9kXeDUE?authuser=0&hl=en&rclk=1,fine dining restaurants in Indore,scraped
Second Kitchen,https://www.google.com/maps/place/Second+Kitchen/data=!4m7!3m6!1s0x3962fd7b38f79a03:0x7d54ad5ddbcc8049!8m2!3d22.7230312!4d75.8301295!16s%2Fg%2F11lnxh_mm4!19sChIJA5r3OHv9YjkRSYDM212tVH0?authuser=0&hl=en&rclk=1,fine dining restaurants in Indore,scraped
54 Praangan,https://www.google.com/maps/place/54+Praangan/data=!4m7!3m6!1s0x396303046e32b68b:0x9ff8d60d110512cc!8m2!3d22.752761!4d75.883607!16s%2Fg%2F11fqpx45xp!19sChIJi7YybgQDYzkRzBIFEQ3W-J8?authuser=0&hl=en&rclk=1,fine dining restaurants in Indore,scraped
Lucknowi zaika,https://www.google.com/maps/place/Lucknowi+zaika/data=!4m7!3m6!1s0x3962fd40bfffffff:0xd6e04b83137ffc6f!8m2!3d22.7247689!4d75.8839397!16s%2Fg%2F11b7hr_32f!19sChIJ____v0D9YjkRb_x_E4NL4NY?authuser=0&hl=en&rclk=1,fine dining restaurants in Indore,scraped
Lazeez Affaire Indore,https://www.google.com/maps/place/Lazeez+Affaire+Indore/data=!4m7!3m6!1s0x396303fe4d061711:0x4babeab0f94cd1af!8m2!3d22.7653551!4d75.899463!16s%2Fg%2F11wv27g1tx!19sChIJERcGTf4DYzkRr9FM-bDqq0s?authuser=0&hl=en&rclk=1,fine dining restaurants in Indore,scraped
Madhuram Tiffins @MG Road,https://www.google.com/maps/place/Madhuram+Tiffins+@MG+Road/data=!4m7!3m6!1s0x3962fd0008209daf:0xd3c10a8f03569939!8m2!3d22.7218875!4d75.8808567!16s%2Fg%2F11y45k0gmr!19sChIJr50gCAD9YjkROZlWA48KwdM?authuser=0&hl=en&rclk=1,fine dining restaurants in Indore,scraped
Food Fantasy Vegetarian Family Restaurant & Cafe,https://www.google.com/maps/place/Food+Fantasy+Vegetarian+Family+Restaurant+%26+Cafe/data=!4m7!3m6!1s0x3962fdc7e198467d:0x64393fb57b8ac4e6!8m2!3d22.7439599!4d75.8966869!16s%2Fg%2F11fhnfjtwj!19sChIJfUaY4cf9YjkR5sSKe7U_OWQ?authuser=0&hl=en&rclk=1,fine dining restaurants in Indore,scraped
Gyani ji ka khalsa dhaba (since1976),https://www.google.com/maps/place/Gyani+ji+ka+khalsa+dhaba+%28since1976%29/data=!4m7!3m6!1s0x3962fdba853c5641:0x4eda2750c890693f!8m2!3d22.7223865!4d75.879518!16s%2Fg%2F11t58qvkzr!19sChIJQVY8hbr9YjkRP2mQyFAn2k4?authuser=0&hl=en&rclk=1,fine dining restaurants in Indore,scraped
One Asia,https://www.google.com/maps/place/One+Asia/data=!4m7!3m6!1s0x39630388f838f09d:0xd47ead6ceebd57c1!8m2!3d22.752761!4d75.883607!16s%2Fg%2F11j4l634fd!19sChIJnfA4-IgDYzkRwVe97mytftQ?authuser=0&hl=en&rclk=1,fine dining restaurants in Indore,scraped
Kulchanza,https://www.google.com/maps/place/Kulchanza/data=!4m7!3m6!1s0x3962fd0023cbf0f1:0x837b82865694bd39!8m2!3d22.7191776!4d75.8847915!16s%2Fg%2F11lzm_8fyq!19sChIJ8fDLIwD9YjkROb2UVoaCe4M?authuser=0&hl=en&rclk=1,fine dining restaurants in Indore,scraped
Indiya Oye,https://www.google.com/maps/place/Indiya+Oye/data=!4m7!3m6!1s0x3962e3764fd50843:0x8193d036ffb7c726!8m2!3d22.7499883!4d75.9028998!16s%2Fg%2F11h3qt_25r!19sChIJQwjVT3bjYjkRJse3_zbQk4E?authuser=0&hl=en&rclk=1,fine dining restaurants in Indore,scraped
Berlin - Haus de Gourmet,https://www.google.com/maps/place/Berlin+-+Haus+de+Gourmet/data=!4m7!3m6!1s0x396303a5c1703c8f:0x9e7224eec36edec0!8m2!3d22.7657304!4d75.8994335!16s%2Fg%2F11m5nqld1c!19sChIJjzxwwaUDYzkRwN5uw-4kcp4?authuser=0&hl=en&rclk=1,fine dining restaurants in Indore,scraped
Murphy's Cafe & Fine Dine,https://www.google.com/maps/place/Murphy%27s+Cafe+%26+Fine+Dine/data=!4m7!3m6!1s0x3962fd003f0f1c8b:0xca3258b3f72cb494!8m2!3d22.6800813!4d75.8672945!16s%2Fg%2F11vy7k74ff!19sChIJixwPPwD9YjkRlLQs97NYMso?authuser=0&hl=en&rclk=1,fine dining restaurants in Indore,scraped
Kebabs Ville,https://www.google.com/maps/place/Kebabs+Ville/data=!4m7!3m6!1s0x3962fd56c1599781:0xd06c827ba41ee36f!8m2!3d22.7511982!4d75.889774!16s%2Fg%2F124ydpldq!19sChIJgZdZwVb9YjkRb-MepHuCbNA?authuser=0&hl=en&rclk=1,fine dining restaurants in Indore,scraped
The shreejee rasoi[ AANANDAM]! Best veg thali restaurant indore,https://www.google.com/maps/place/The+shreejee+rasoi%5B+AANANDAM%5D!+Best+veg+thali+restaurant+indore/data=!4m7!3m6!1s0x3962fdffe9990441:0x2a301a8c3c4308e0!8m2!3d22.7444494!4d75.8930655!16s%2Fg%2F11y7ctfrrp!19sChIJQQSZ6f_9YjkR4AhDPIwaMCo?authuser=0&hl=en&rclk=1,fine dining restaurants in Indore,scraped
Meraki - The Creative Cuisine,https://www.google.com/maps/place/Meraki+-+The+Creative+Cuisine/data=!4m7!3m6!1s0x396303e16a1065fb:0x61296c509ef6d068!8m2!3d22.7648827!4d75.8859616!16s%2Fg%2F11qq05wkbk!19sChIJ-2UQauEDYzkRaND2nlBsKWE?authuser=0&hl=en&rclk=1,fine dining restaurants in Indore,scraped
Capers,https://www.google.com/maps/place/Capers/data=!4m7!3m6!1s0x39631d5580c9310d:0x54edf2d60bc83f26!8m2!3d22.7508771!4d75.903121!16s%2Fg%2F11byxg2jg9!19sChIJDTHJgFUdYzkRJj_IC9by7VQ?authuser=0&hl=en&rclk=1,fine dining restaurants in Indore,scraped
Iris Indore,https://www.google.com/maps/place/Iris+Indore/data=!4m7!3m6!1s0x3962fd63342dca1b:0x3994d529ae37b658!8m2!3d22.7423072!4d75.8933264!16s%2Fg%2F11y31322jf!19sChIJG8otNGP9YjkRWLY3rinVlDk?authuser=0&hl=en&rclk=1,fine dining restaurants in Indore,scraped
Avante Dine and Cafe,https://www.google.com/maps/place/Avante+Dine+and+Cafe/data=!4m7!3m6!1s0x39631d644814aca1:0x8e5edea6084ca023!8m2!3d22.7528664!4d75.9169428!16s%2Fg%2F11v5b__yx_!19sChIJoawUSGQdYzkRI6BMCKbeXo4?authuser=0&hl=en&rclk=1,fine dining restaurants in Indore,scraped
Notch Indore,https://www.google.com/maps/place/Notch+Indore/data=!4m7!3m6!1s0x39631d94859e939b:0x4ad47844bda4625a!8m2!3d22.7660692!4d75.8990231!16s%2Fg%2F11w3_hvq3z!19sChIJm5OehZQdYzkRWmKkvUR41Eo?authuser=0&hl=en&rclk=1,date night restaurants in Indore,scraped
The Hot Spoon,https://www.google.com/maps/place/The+Hot+Spoon/data=!4m7!3m6!1s0x3962e33f1f9ef23f:0x8a194275ba8d16f5!8m2!3d22.7500964!4d75.9050852!16s%2Fg%2F11yq6mx6b6!19sChIJP_KeHz_jYjkR9RaNunVCGYo?authuser=0&hl=en&rclk=1,date night restaurants in Indore,scraped
"Hills View Restaurant & Bar , Papaya Tree Hotel","https://www.google.com/maps/place/Hills+View+Restaurant+%26+Bar+,+Papaya+Tree+Hotel/data=!4m7!3m6!1s0x3962fb4383fd667f:0xed8b091a62abb42!8m2!3d22.6270396!4d75.8050597!16s%2Fg%2F11q83xhf20!19sChIJf2b9g0P7YjkRQrsqppGw2A4?authuser=0&hl=en&rclk=1",date night restaurants in Indore,scraped
De L'amour | Rooftop Restaurant | Vijay Nagar Indore,https://www.google.com/maps/place/De+L%27amour+%7C+Rooftop+Restaurant+%7C+Vijay+Nagar+Indore/data=!4m7!3m6!1s0x39630321ed011dd3:0x3a2a59b9147296c6!8m2!3d22.761732!4d75.887192!16s%2Fg%2F11vb15m7p1!19sChIJ0x0B7SEDYzkRxpZyFLlZKjo?authuser=0&hl=en&rclk=1,date night restaurants in Indore,scraped
The Piano Project,https://www.google.com/maps/place/The+Piano+Project/data=!4m7!3m6!1s0x3962fd748b5ae687:0xf7f1906ddec010d0!8m2!3d22.7500701!4d75.8965111!16s%2Fg%2F11h3mtdp9l!19sChIJh-Zai3T9YjkR0BDA3m2Q8fc?authuser=0&hl=en&rclk=1,date night restaurants in Indore,scraped
Nomadic By Firangi,https://www.google.com/maps/place/Nomadic+By+Firangi/data=!4m7!3m6!1s0x396303b99470c6c7:0x7c18273c08384444!8m2!3d22.7625727!4d75.8854863!16s%2Fg%2F11lnlmtfv7!19sChIJx8ZwlLkDYzkRREQ4CDwnGHw?authuser=0&hl=en&rclk=1,date night restaurants in Indore,scraped
Grillicious By Zoella,https://www.google.com/maps/place/Grillicious+By+Zoella/data=!4m7!3m6!1s0x3962e3798da18771:0x33c8580880d91b64!8m2!3d22.6928087!4d75.9244504!16s%2Fg%2F11v3_16xr8!19sChIJcYehjXnjYjkRZBvZgAhYyDM?authuser=0&hl=en&rclk=1,date night restaurants in Indore,scraped
Echidna Restobrew - Family Restaurant Bar Banquet,https://www.google.com/maps/place/Echidna+Restobrew+-+Family+Restaurant+Bar+Banquet/data=!4m7!3m6!1s0x3962e321cba583df:0x4147721b53f4882c!8m2!3d22.7028271!4d75.9218595!16s%2Fg%2F11gfh78pcx!19sChIJ34OlyyHjYjkRLIj0UxtyR0E?authuser=0&hl=en&rclk=1,date night restaurants in Indore,scraped
GFC - The Great Food Company,https://www.google.com/maps/place/GFC+-+The+Great+Food+Company/data=!4m7!3m6!1s0x3962fd36161e0579:0x3a48ca2fe79f9c0b!8m2!3d22.725777!4d75.8925491!16s%2Fg%2F11bbt3b1qk!19sChIJeQUeFjb9YjkRC5yf5y_KSDo?authuser=0&hl=en&rclk=1,date night restaurants in Indore,scraped
Aether Rooftop Bar & Kitchen,https://www.google.com/maps/place/Aether+Rooftop+Bar+%26+Kitchen/data=!4m7!3m6!1s0x3962e35d34189ba1:0x41626fffe3c5d3bb!8m2!3d22.7278553!4d75.9313569!16s%2Fg%2F11mcc5yw5f!19sChIJoZsYNF3jYjkRu9PF4_9vYkE?authuser=0&hl=en&rclk=1,date night restaurants in Indore,scraped
Candelas Restaurant,https://www.google.com/maps/place/Candelas+Restaurant/data=!4m7!3m6!1s0x39631d172c29256b:0xecbff279a96d6b4f!8m2!3d22.813073!4d75.9379731!16s%2Fg%2F11qnvf24w_!19sChIJayUpLBcdYzkRT2ttqXnyv-w?authuser=0&hl=en&rclk=1,date night restaurants in Indore,scraped
Barkaas Indo-Arabic Restaurant,https://www.google.com/maps/place/Barkaas+Indo-Arabic+Restaurant/data=!4m7!3m6!1s0x396303d436b51b61:0x58da515b2ce5dd1!8m2!3d22.7653011!4d75.8861964!16s%2Fg%2F11n40gj0bp!19sChIJYRu1NtQDYzkR0V3OshWljQU?authuser=0&hl=en&rclk=1,date night restaurants in Indore,scraped
Angaraa - Best Rooftop Restaurant in Indore,https://www.google.com/maps/place/Angaraa+-+Best+Rooftop+Restaurant+in+Indore/data=!4m7!3m6!1s0x3962fd35e2119dad:0x49bd7e3b8e5f1b83!8m2!3d22.7257073!4d75.8941202!16s%2Fg%2F124swmk7b!19sChIJrZ0R4jX9YjkRgxtfjjt-vUk?authuser=0&hl=en&rclk=1,date night restaurants in Indore,scraped
Nature's Cafe,https://www.google.com/maps/place/Nature%27s+Cafe/data=!4m7!3m6!1s0x3962fd59f7f07d45:0x1724a025d79591b!8m2!3d22.6904135!4d75.8683214!16s%2Fg%2F11qycrp841!19sChIJRX3w91n9YjkRG1l5XQJKcgE?authuser=0&hl=en&rclk=1,viral cafes in Indore,scraped
Cafe Yolo,https://www.google.com/maps/place/Cafe+Yolo/data=!4m7!3m6!1s0x396302baced18f0f:0x5e4fa85467f7ff15!8m2!3d22.7615674!4d75.8862158!16s%2Fg%2F11bxddb093!19sChIJD4_RzroCYzkRFf_3Z1SoT14?authuser=0&hl=en&rclk=1,viral cafes in Indore,scraped
Mumbasa Cafe - Metro Tower,https://www.google.com/maps/place/Mumbasa+Cafe+-+Metro+Tower/data=!4m7!3m6!1s0x3962fd0dc9c7ffed:0x770321c581943408!8m2!3d22.7533891!4d75.8977332!16s%2Fg%2F11pcwsp07v!19sChIJ7f_HyQ39YjkRCDSUgcUhA3c?authuser=0&hl=en&rclk=1,viral cafes in Indore,scraped
Cafe Split Bean - Pure Veg. | Cafe & Restaurant | Party Place,https://www.google.com/maps/place/Cafe+Split+Bean+-+Pure+Veg.+%7C+Cafe+%26+Restaurant+%7C+Party+Place/data=!4m7!3m6!1s0x3962e31afa571aa7:0xb565557f3ec1559c!8m2!3d22.7496813!4d75.9049513!16s%2Fg%2F11fslxrfty!19sChIJpxpX-hrjYjkRnFXBPn9VZbU?authuser=0&hl=en&rclk=1,viral cafes in Indore,scraped
Victory Cafe,https://www.google.com/maps/place/Victory+Cafe/data=!4m7!3m6!1s0x3962fdab5b84f8a9:0xd774f7e26731f5e6!8m2!3d22.7211823!4d75.863579!16s%2Fg%2F11qff_2tsv!19sChIJqfiEW6v9YjkR5vUxZ-L3dNc?authuser=0&hl=en&rclk=1,viral cafes in Indore,scraped
Coffee By Di Bella Vijay Nagar,https://www.google.com/maps/place/Coffee+By+Di+Bella+Vijay+Nagar/data=!4m7!3m6!1s0x3963038cd2c98883:0xf886cbcb4d5ee691!8m2!3d22.7613384!4d75.8981297!16s%2Fg%2F11vsnwjd12!19sChIJg4jJ0owDYzkRkeZeTcvLhvg?authuser=0&hl=en&rclk=1,viral cafes in Indore,scraped
Positivity Cafe,https://www.google.com/maps/place/Positivity+Cafe/data=!4m7!3m6!1s0x3962fd255f96b981:0xb5a95a3ebf51418d!8m2!3d22.6921578!4d75.8289247!16s%2Fg%2F11qzxj3b9s!19sChIJgbmWXyX9YjkRjUFRvz5aqbU?authuser=0&hl=en&rclk=1,viral cafes in Indore,scraped
Central Coffee house,https://www.google.com/maps/place/Central+Coffee+house/data=!4m7!3m6!1s0x3962fd2224ff5b07:0xc9a16bad509327fa!8m2!3d22.7081201!4d75.8786426!16s%2Fg%2F11c59xv0h4!19sChIJB1v_JCL9YjkR-ieTUK1rock?authuser=0&hl=en&rclk=1,viral cafes in Indore,scraped
THE ROAR CAFE,https://www.google.com/maps/place/THE+ROAR+CAFE/data=!4m7!3m6!1s0x3962fd6bcbe074b1:0xb809b457007d89eb!8m2!3d22.7203568!4d75.8425049!16s%2Fg%2F11jsttg46g!19sChIJsXTgy2v9YjkR64l9AFe0Cbg?authuser=0&hl=en&rclk=1,viral cafes in Indore,scraped
Now Cafe,https://www.google.com/maps/place/Now+Cafe/data=!4m7!3m6!1s0x3962fd418f0a219b:0x9f4ffc8651786942!8m2!3d22.6957911!4d75.8354789!16s%2Fg%2F11g1s_4g4t!19sChIJmyEKj0H9YjkRQml4UYb8T58?authuser=0&hl=en&rclk=1,viral cafes in Indore,scraped
Destiny Cafe,https://www.google.com/maps/place/Destiny+Cafe/data=!4m7!3m6!1s0x3962fd4d360b093f:0x6056961be4ea024!8m2!3d22.7484312!4d75.8977943!16s%2Fg%2F11fln2b906!19sChIJPwkLNk39YjkRJKBOvmFpBQY?authuser=0&hl=en&rclk=1,viral cafes in Indore,scraped
Cafe Reuniono,https://www.google.com/maps/place/Cafe+Reuniono/data=!4m7!3m6!1s0x3962e36e3ffb12b5:0xb8a487c80f7e6190!8m2!3d22.7017565!4d75.9169286!16s%2Fg%2F11ydx0h20t!19sChIJtRL7P27jYjkRkGF-D8iHpLg?authuser=0&hl=en&rclk=1,viral cafes in Indore,scraped
Kaffeinated Mugs,https://www.google.com/maps/place/Kaffeinated+Mugs/data=!4m7!3m6!1s0x3962fdcbd190258d:0xe8fa014487d5e395!8m2!3d22.7071952!4d75.8502701!16s%2Fg%2F11h4czfyvf!19sChIJjSWQ0cv9YjkRlePVh0QB-ug?authuser=0&hl=en&rclk=1,viral cafes in Indore,scraped
Take away coffee indore (TACI)),https://www.google.com/maps/place/Take+away+coffee+indore+%28TACI%29%29/data=!4m7!3m6!1s0x3962e2afa6b8fe0d:0x2f6532e6530b03d7!8m2!3d22.7424979!4d75.9093759!16s%2Fg%2F11cs3c4tk0!19sChIJDf64pq_iYjkR1wMLU-YyZS8?authuser=0&hl=en&rclk=1,viral cafes in Indore,scraped
June Bakehouse & Deli,https://www.google.com/maps/place/June+Bakehouse+%26+Deli/data=!4m7!3m6!1s0x3962fd4455179609:0x2f7da9fa86144eb1!8m2!3d22.7239941!4d75.8949854!16s%2Fg%2F11yd1630mw!19sChIJCZYXVUT9YjkRsU4UhvqpfS8?authuser=0&hl=en&rclk=1,viral cafes in Indore,scraped
The Society Rooftop Café & Bistro,https://www.google.com/maps/place/The+Society+Rooftop+Caf%C3%A9+%26+Bistro/data=!4m7!3m6!1s0x3963030bf1f9780f:0xf1c0acc1d87099ad!8m2!3d22.7566567!4d75.8889474!16s%2Fg%2F11n3_7n96p!19sChIJD3j58QsDYzkRrZlw2MGswPE?authuser=0&hl=en&rclk=1,rooftop cafes in Indore,scraped
5/78 SKY BAR,https://www.google.com/maps/place/5%2F78+SKY+BAR/data=!4m7!3m6!1s0x3963031ffb7c3629:0x2382f2183ad4fb5b!8m2!3d22.762911!4d75.8819313!16s%2Fg%2F11h289_3t5!19sChIJKTZ8-x8DYzkRW_vUOhjygiM?authuser=0&hl=en&rclk=1,rooftop cafes in Indore,scraped
RIOT Rooftop cafe & Restaurant,https://www.google.com/maps/place/RIOT+Rooftop+cafe+%26+Restaurant/data=!4m7!3m6!1s0x39631d89ec80cf27:0x2e46e66f4294969b!8m2!3d22.7566789!4d75.8890527!16s%2Fg%2F11h5lspmzh!19sChIJJ8-A7IkdYzkRm5aUQm_mRi4?authuser=0&hl=en&rclk=1,rooftop cafes in Indore,scraped
HOUSE OF MALTS: RESTOBAR,https://www.google.com/maps/place/HOUSE+OF+MALTS:+RESTOBAR/data=!4m7!3m6!1s0x39631db5f492a3d1:0xbd5138a4683d68c8!8m2!3d22.7535772!4d75.9027096!16s%2Fg%2F11h045hs_0!19sChIJ0aOS9LUdYzkRyGg9aKQ4Ub0?authuser=0&hl=en&rclk=1,rooftop cafes in Indore,scraped
Rooftop Restaurant Patang,https://www.google.com/maps/place/Rooftop+Restaurant+Patang/data=!4m7!3m6!1s0x396302a628c374e3:0x3cd41900fdaf7e46!8m2!3d22.7530329!4d75.8882734!16s%2Fg%2F11c0zbt3xg!19sChIJ43TDKKYCYzkRRn6v_QAZ1Dw?authuser=0&hl=en&rclk=1,rooftop cafes in Indore,scraped
Revolution,https://www.google.com/maps/place/Revolution/data=!4m7!3m6!1s0x3962fd8e276b07c1:0x68fd49cf19028d79!8m2!3d22.7501587!4d75.896548!16s%2Fg%2F11fq8t9xzz!19sChIJwQdrJ479YjkReY0CGc9J_Wg?authuser=0&hl=en&rclk=1,rooftop cafes in Indore,scraped
The Roof,https://www.google.com/maps/place/The+Roof/data=!4m7!3m6!1s0x3962fd476e107f7f:0x67b8c4672ec30019!8m2!3d22.72691!4d75.884575!16s%2Fg%2F11byxfkww2!19sChIJf38Qbkf9YjkRGQDDLmfEuGc?authuser=0&hl=en&rclk=1,rooftop cafes in Indore,scraped
Cloud The Terrace Lounge,https://www.google.com/maps/place/Cloud+The+Terrace+Lounge/data=!4m7!3m6!1s0x39631d8b9f7c31ad:0x55e60ce0a1b173b7!8m2!3d22.7629236!4d75.9231917!16s%2Fg%2F11y26r38xm!19sChIJrTF8n4sdYzkRt3OxoeAM5lU?authuser=0&hl=en&rclk=1,rooftop cafes in Indore,scraped
Suffa Restaurant,https://www.google.com/maps/place/Suffa+Restaurant/data=!4m7!3m6!1s0x3962fd27a00d0e57:0xff7e0dc76ef64d6a!8m2!3d22.7257264!4d75.8838823!16s%2Fg%2F11j48c3wkk!19sChIJVw4NoCf9YjkRak32bscNfv8?authuser=0&hl=en&rclk=1,rooftop cafes in Indore,scraped
ALOHA- The Terrace Garden ( SILVOTEL),https://www.google.com/maps/place/ALOHA-+The+Terrace+Garden+%28+SILVOTEL%29/data=!4m7!3m6!1s0x3962fd5457cb1979:0xa37b3dc5ac826a93!8m2!3d22.7468895!4d75.8969806!16s%2Fg%2F11dxlfzl_w!19sChIJeRnLV1T9YjkRk2qCrMU9e6M?authuser=0&hl=en&rclk=1,rooftop cafes in Indore,scraped
Nanaksar Dhaba(geetabhawan),https://www.google.com/maps/place/Nanaksar+Dhaba%28geetabhawan%29/data=!4m7!3m6!1s0x3962fd006aaf63ad:0x41b44948a2379d55!8m2!3d22.7194502!4d75.8846655!16s%2Fg%2F11vmbk8c17!19sChIJrWOvagD9YjkRVZ03okhJtEE?authuser=0&hl=en&rclk=1,rooftop cafes in Indore,scraped
RARE cafe & resto,https://www.google.com/maps/place/RARE+cafe+%26+resto/data=!4m7!3m6!1s0x3962fd6cc3026c6b:0xb50c66c43136b5bf!8m2!3d22.7256534!4d75.9225973!16s%2Fg%2F11rss_kxcg!19sChIJa2wCw2z9YjkRv7U2McRmDLU?authuser=0&hl=en&rclk=1,rooftop cafes in Indore,scraped
Firangi Cafe and Bar,https://www.google.com/maps/place/Firangi+Cafe+and+Bar/data=!4m7!3m6!1s0x39630354d4343735:0x3f3f79ecb618a77e!8m2!3d22.7625728!4d75.8855242!16s%2Fg%2F11rklyxsq3!19sChIJNTc01FQDYzkRfqcYtux5Pz8?authuser=0&hl=en&rclk=1,rooftop cafes in Indore,scraped
"Hotel Crown Palace, Indore","https://www.google.com/maps/place/Hotel+Crown+Palace,+Indore/data=!4m10!3m9!1s0x3962fd3be6c2897d:0x61833a3aef53b0cc!5m2!4m1!1i2!8m2!3d22.719511!4d75.883657!16s%2Fg%2F1tfkp4cs!19sChIJfYnC5jv9YjkRzLBT7zo6g2E?authuser=0&hl=en&rclk=1",rooftop cafes in Indore,scraped
Goodluck Bar and Restaurant,https://www.google.com/maps/place/Goodluck+Bar+and+Restaurant/data=!4m7!3m6!1s0x3962fd27b76220df:0x61ac1bb4f862d105!8m2!3d22.7345822!4d75.8757339!16s%2Fg%2F11pz7t4rd1!19sChIJ3yBityf9YjkRBdFi-LQbrGE?authuser=0&hl=en&rclk=1,rooftop cafes in Indore,scraped
Hotel South Avenue,https://www.google.com/maps/place/Hotel+South+Avenue/data=!4m10!3m9!1s0x3962fd3e6b7fc683:0x4ff1a63da8038561!5m2!4m1!1i2!8m2!3d22.7195631!4d75.8793611!16s%2Fg%2F11bbtcbrh3!19sChIJg8Z_az79YjkRYYUDqD2m8U8?authuser=0&hl=en&rclk=1,rooftop cafes in Indore,scraped
Fourteen Cafe & Lounge,https://www.google.com/maps/place/Fourteen+Cafe+%26+Lounge/data=!4m7!3m6!1s0x39631d68d7d7adaf:0xc10ec882fc5d4aae!8m2!3d22.7537813!4d75.8857019!16s%2Fg%2F11mxffph2c!19sChIJr63X12gdYzkRrkpd_ILIDsE?authuser=0&hl=en&rclk=1,rooftop cafes in Indore,scraped
Hobnob Gourmet Cafébar,https://www.google.com/maps/place/Hobnob+Gourmet+Caf%C3%A9bar/data=!4m7!3m6!1s0x39631d55ae61fc69:0x9a65425e47364c0f!8m2!3d22.7534098!4d75.9033106!16s%2Fg%2F11c60639_n!19sChIJafxhrlUdYzkRD0w2R15CZZo?authuser=0&hl=en&rclk=1,rooftop cafes in Indore,scraped
Ohlio Gourmet Cafe Bar,https://www.google.com/maps/place/Ohlio+Gourmet+Cafe+Bar/data=!4m7!3m6!1s0x3962fd001185e381:0x7be495c95dbce9fa!8m2!3d22.7397444!4d75.8912202!16s%2Fg%2F11w4tvl59_!19sChIJgeOFEQD9YjkR-um8XcmV5Hs?authuser=0&hl=en&rclk=1,rooftop cafes in Indore,scraped
Mati rooftop restaurant And cafe,https://www.google.com/maps/place/Mati+rooftop+restaurant+And+cafe/data=!4m7!3m6!1s0x39631d55d0383d0d:0x5d48413f39830e93!8m2!3d22.7631246!4d75.9235533!16s%2Fg%2F11c0rpfbsg!19sChIJDT040FUdYzkRkw6DOT9BSF0?authuser=0&hl=en&rclk=1,rooftop cafes in Indore,scraped
Starbucks,https://www.google.com/maps/place/Starbucks/data=!4m7!3m6!1s0x3962fd7c3d574535:0xb41b1df2747bcbe3!8m2!3d22.7250458!4d75.8750549!16s%2Fg%2F11n_z63d5c!19sChIJNUVXPXz9YjkR48t7dPIdG7Q?authuser=0&hl=en&rclk=1,coffee shops in Indore,scraped
Koffee King,https://www.google.com/maps/place/Koffee+King/data=!4m7!3m6!1s0x3962fd38fabb8691:0x5c9e7863fc7a3005!8m2!3d22.7236056!4d75.8847579!16s%2Fg%2F11b77zv_6y!19sChIJkYa7-jj9YjkRBTB6_GN4nlw?authuser=0&hl=en&rclk=1,coffee shops in Indore,scraped
Baba Foods and beverages,https://www.google.com/maps/place/Baba+Foods+and+beverages/data=!4m7!3m6!1s0x3962fd3ee0e3895d:0xda9917938640285!8m2!3d22.72238!4d75.88083!16s%2Fg%2F11s82yrpkl!19sChIJXYnj4D79YjkRhQJkOHmRqQ0?authuser=0&hl=en&rclk=1,coffee shops in Indore,scraped
The Coffee Corner,https://www.google.com/maps/place/The+Coffee+Corner/data=!4m7!3m6!1s0x3962fdee4b764f8b:0x6c38585ba6404780!8m2!3d22.7210431!4d75.8762542!16s%2Fg%2F11sv_6vwh2!19sChIJi092S-79YjkRgEdApltYOGw?authuser=0&hl=en&rclk=1,coffee shops in Indore,scraped
Indian Coffee House District court Indore,https://www.google.com/maps/place/Indian+Coffee+House+District+court+Indore/data=!4m7!3m6!1s0x3962fd1281b26e01:0xa201e46b28787f5d!8m2!3d22.721253!4d75.8647934!16s%2Fg%2F11c0rq6k_3!19sChIJAW6ygRL9YjkRXX94KGvkAaI?authuser=0&hl=en&rclk=1,coffee shops in Indore,scraped
Indian Coffee House DIG Office compound,https://www.google.com/maps/place/Indian+Coffee+House+DIG+Office+compound/data=!4m7!3m6!1s0x3962fd14003da883:0x57f077492bb2da97!8m2!3d22.7189051!4d75.871003!16s%2Fg%2F11b75qgztx!19sChIJg6g9ABT9YjkRl9qyK0l38Fc?authuser=0&hl=en&rclk=1,coffee shops in Indore,scraped
The Choco Station,https://www.google.com/maps/place/The+Choco+Station/data=!4m7!3m6!1s0x3962fdca46e55517:0xdc9b2d7b1d43dfad!8m2!3d22.7251317!4d75.8827722!16s%2Fg%2F11csrksxq4!19sChIJF1XlRsr9YjkRrd9DHXstm9w?authuser=0&hl=en&rclk=1,coffee shops in Indore,scraped
Mama Loca Vijay Nagar,https://www.google.com/maps/search/Mama+Loca+Vijay+Nagar+Indore,manual_premium,active
Mama Loca New Palasia,https://www.google.com/maps/search/Mama+Loca+New+Palasia+Indore,manual_premium,active
Coco Loco Kitchen Bar Indore,https://www.google.com/maps/search/Coco+Loco+Kitchen+Bar+Indore,manual_premium,needs_recheck
One8 Commune Indore,https://www.google.com/maps/search/One8+Commune+Indore,manual_premium,active
Pincode by Kunal Kapur Indore,https://www.google.com/maps/search/Pincode+by+Kunal+Kapur+Indore,manual_premium,active
Romeo Lane Indore,https://www.google.com/maps/search/Romeo+Lane+Indore,manual_premium,active
Studio XO Indore,https://www.google.com/maps/search/Studio+XO+Indore,manual_premium,active
Qavalli Indore,https://www.google.com/maps/search/Qavalli+Indore,manual_premium,active
Mitti Cafe Indore,https://www.google.com/maps/search/Mitti+Cafe+Indore,manual_premium,active
UBUD Indore,https://www.google.com/maps/search/UBUD+Indore,manual_premium,active
Eurasia Indore,https://www.google.com/maps/search/Eurasia+Indore,manual_premium,active
Deuce Cafe Indore,https://www.google.com/maps/search/Deuce+Cafe+Indore,manual_premium,active
Kebabsville Sayaji Indore,https://www.google.com/maps/search/Kebabsville+Sayaji+Indore,manual_premium,active
Sanchi Sayaji Indore,https://www.google.com/maps/search/Sanchi+Sayaji+Indore,manual_premium,active
Fairfield by Marriott Indore,https://www.google.com/maps/search/Fairfield+by+Marriott+Indore,manual_premium,active
Indore Marriott Hotel,https://www.google.com/maps/search/Indore+Marriott+Hotel,manual_premium,active
Constellation WOW Crest Indore,https://www.google.com/maps/search/Constellation+WOW+Crest+Indore,manual_premium,active
Dhuaan WOW Crest Indore,https://www.google.com/maps/search/Dhuaan+WOW+Crest+Indore,manual_premium,active
Twilight WOW Crest Indore,https://www.google.com/maps/search/Twilight+WOW+Crest+Indore,manual_premium,active
Ni Hao Radisson Indore,https://www.google.com/maps/search/Ni+Hao+Radisson+Indore,manual_premium,active
Indiya Oye Radisson Indore,https://www.google.com/maps/search/Indiya+Oye+Radisson+Indore,manual_premium,active
Cakewalk Radisson Indore,https://www.google.com/maps/search/Cakewalk+Radisson+Indore,manual_premium,active
Ethyl Bar Radisson Indore,https://www.google.com/maps/search/Ethyl+Bar+Radisson+Indore,manual_premium,active
The Creative Kitchen Radisson Indore,https://www.google.com/maps/search/The+Creative+Kitchen+Radisson+Indore,manual_premium,active
Ohlio Gourmet Cafe Bar Indore,https://www.google.com/maps/search/Ohlio+Gourmet+Cafe+Bar+Indore,manual_premium,active
Zonatello Pizzeria Scheme 140 Vijay Nagar Indore,https://www.google.com/maps/search/Zonatello+Pizzeria+Scheme+140+Vijay+Nagar+Indore,manual_premium,active
Pizza Don Indore,https://www.google.com/maps/search/Pizza+Don+Indore,manual_premium,active
Just Paratha Indore,https://www.google.com/maps/search/Just+Paratha+Indore,manual_premium,active
